PT. SINAR PURE FOODS INTERNATIONAL;;;;;;;;;;;;;;;;;;;;;;;
Purchase Order (PO) Register Per Department;;;;;;;;;;;;;;;;;;;;;;;
Period January 01, 2026 - February 11, 2026;;;;;;;;;;;;;;;;;;;;;;;
;;;;;;;;;;;;;;;;;;;;;;;
Purchase Requisition Slip;;;Purchase Order;;;;Item;;;;Unit Price;Disc;PPH;PPN;Amount;;;;;;Canvasser Name;Remarks;
ID;Number;Date;Number;Date;Curr;Supplier;Code;Description;Quantity;Unit;;;;;;;;;;;;;
;;;;;;;;;;;;;;;IDR;PHP;EUR;GBP;USD;YEN;;;
Department: [7032] Fixed Fish Procurement;;;;;;;;;;;;;;;;;;;;;;;
20587;70320020453;06-01-2026;66525;09-01-2026;IDR;INFORMA FURNITURE;97464;MEJA KOMPUTER;3,00;UNIT;716.000,00;0,00;0,00;0,00;2.148.000,00;0,00;0,00;0,00;0,00;0,00;Erni Ending;FOR PRODUTION OFFICE STAFF;
20587;70320020453;06-01-2026;66525;09-01-2026;IDR;INFORMA FURNITURE;96489;OFFICE CHAIR;2,00;PCS;1.178.000,00;0,00;0,00;0,00;2.356.000,00;0,00;0,00;0,00;0,00;0,00;Erni Ending;FOR PRODUTION OFFICE STAFF;
20591;70320020457;07-01-2026;66543;12-01-2026;IDR;SHOPEE ON LINE SHOP;91463;STEMPEL KARUNG KODE PRODUKSI TINTA PERMANEN ANTI LUNTUR;1,00;PCS;1.070.000,00;0,00;0,00;0,00;1.070.000,00;0,00;0,00;0,00;0,00;0,00;Erni Ending;;
20634;70320020500;13-01-2026;66557;13-01-2026;IDR;TOKO CENTRAL TEKNIK BITUNG;50071;HOSE (SELANG) 3/4;100,00;MTR;25.000,00;0,00;0,00;0,00;2.500.000,00;0,00;0,00;0,00;0,00;0,00;Jeffry Lantang;HARGA REPEAT ORDER PO: 64833 FOR: PACKING,MEDIUM,FPL AREA;
20643;70320020509;15-01-2026;66582;21-01-2026;IDR;PT MEX GLACIES SEJAHTERA;51789;ES BALOK;1.000,00;BTG;21.000,00;0,00;0,00;0,00;21.000.000,00;0,00;0,00;0,00;0,00;0,00;Erni Ending;;
20660;70320020526;20-01-2026;66589;22-01-2026;IDR;TK TRIPUTRA;52613;GAUN FOR PACKING AREA;500,00;PCS;69.000,00;0,00;0,00;0,00;34.500.000,00;0,00;0,00;0,00;0,00;0,00;Erni Ending;MODEL SESUAI DENGAN CONTOH YANG DISETUJUI;
20686;70320020552;22-01-2026;66590;22-01-2026;IDR;TOKO MAJUTEX;52613;GAUN FOR PACKING AREA;500,00;PCS;69.000,00;0,00;0,00;0,00;34.500.000,00;0,00;0,00;0,00;0,00;0,00;Erni Ending;MODEL SESUAI DENGAN CONTOH;
20660;70320020526;20-01-2026;66620;26-01-2026;IDR;TOKO KERJA SAMA;54120;CELANA KAIN PANJANG;353,00;PCS;35.000,00;0,00;0,00;0,00;12.355.000,00;0,00;0,00;0,00;0,00;0,00;Erni Ending;WARNA BIRU DONGKER (SESUAI CONTOH);
20644;70320020510;15-01-2026;66636;28-01-2026;IDR;AZKO;52446;AUTOMATIC ALCOHOL SPRAYER;4,00;PCS;650.165,00;0,00;0,00;0,00;2.600.660,00;0,00;0,00;0,00;0,00;0,00;Erni Ending;;
20704;70320020570;26-01-2026;66655;30-01-2026;IDR;GOLDEN MITRA INTI PERKASA PT;90078;CALCULATOR 14 DIGIT;2,00;PCS;250.900,00;0,00;0,00;0,00;501.800,00;0,00;0,00;0,00;0,00;0,00;Erni Ending;;
20405;70320020273;25-11-2025;66695;09-02-2026;IDR;FAJAR TOPI;52364;TOPI HAIRNET;24,00;PCS;35.000,00;0,00;0,00;0,00;840.000,00;0,00;0,00;0,00;0,00;0,00;Erni Ending;;
20787;70320020653;09-02-2026;66697;09-02-2026;IDR;WICIPTO GEMILANG INDAH;59940;Ice Jelly;1,00;BOX;3.000.000,00;0,00;0,00;0,00;3.000.000,00;0,00;0,00;0,00;0,00;0,00;Erni Ending;;
20782;70320020648;06-02-2026;66706;09-02-2026;IDR;DUNIA MEDIKA LESTARI;53250;SARUNG TANGAN KARET WARNA BIRU;10,00;DOS;59.400,00;0,00;0,00;0,00;594.000,00;0,00;0,00;0,00;0,00;0,00;Erni Ending;;
T O T A L;;;;;;;;;;;;;;;0,00;0,00;0,00;0,00;0,00;0,00;;;
Department: [7033G] Retord;;;;;;;;;;;;;;;;;;;;;;;
20749;70460020615;02-02-2026;66669;03-02-2026;IDR;PT. OSMO MARINA MANDIRI;66588;EBARA 80 x 65 FSJA (MS) COMPLETE TECO 22KW, SPEC. 22KW, 2900RPM, 3PHASE. TYPE 80 x 60 FSJA, MECHANICAL SEAL, FLOW R ATED 1 M3/MIN, HEAD RATED 80 MTR, BRAND EBARA ;1,00;SET;34.600.000,00;0,00;0,00;3.806.000,00;38.406.000,00;0,00;0,00;0,00;0,00;0,00;Jeffry Lantang;HARGA FRANKO PT SARI JASA TRANSUTAMA (FOR: WATER PUMP COOLING RETORT) CAPEX 2026;
T O T A L;;;;;;;;;;;;;;;0,00;0,00;0,00;0,00;0,00;0,00;;;
Department: [7034] Fixed Production;;;;;;;;;;;;;;;;;;;;;;;
20599;70460020465;07-01-2026;66526;09-01-2026;IDR;PT PRATAMA STEEL;66233;ANGLE BAR S/S 2,5CM X 2,5CM X 6 MTR;121,00;LGTS;250.450,45;0,00;0,00;3.333.495,49;33.637.999,94;0,00;0,00;0,00;0,00;0,00;Jeffry Lantang;READY STOCK, FRANCO EKXPEDISI SINAR INTAN SBY,  CAPEX;
20524;70460020390;18-12-2025;66530;09-01-2026;IDR;VENTJE TAROREH;04969;SLC TOOLS & MATERIALS FOR PEKERJAAN PEMASANGAN JALUR PIPA BARU DARI COLD STORAGE KE RECEIVING (THOWIN BIN) ;1,00;LOT;28.571.428,57;0,00;571.428,57;0,00;28.000.000,00;0,00;0,00;0,00;0,00;0,00;Erni Ending;WAKTU PEKERJAAN = 14 HARI;
20601;70460020467;07-01-2026;66537;09-01-2026;IDR;Toko Sinar Abadi Bitung;62119;CABLE NYY 2 X 1.5 ETERNA @ 50 MTR/ROLL;1,00;ROLL;725.000,00;0,00;0,00;0,00;725.000,00;0,00;0,00;0,00;0,00;0,00;Jeffry Lantang;FOR: REPLACE DEFECTIVE EMERGENCY LIGHT LOINING AREA;
20601;70460020467;07-01-2026;66537;09-01-2026;IDR;Toko Sinar Abadi Bitung;54226;LED Spot light 10 watt 220 volt;6,00;PCS;100.000,00;0,00;0,00;0,00;600.000,00;0,00;0,00;0,00;0,00;0,00;Jeffry Lantang;FOR: REPLACE DEFECTIVE EMERGENCY LIGHT LOINING AREA;
20601;70460020467;07-01-2026;66537;09-01-2026;IDR;Toko Sinar Abadi Bitung;52352;STEKER 2 KAKI BROCO;1,00;PCS;15.000,00;0,00;0,00;0,00;15.000,00;0,00;0,00;0,00;0,00;0,00;Jeffry Lantang;FOR: REPLACE DEFECTIVE EMERGENCY LIGHT LOINING AREA;
20601;70460020467;07-01-2026;66537;09-01-2026;IDR;Toko Sinar Abadi Bitung;60905;3 WAY SOCKET OUTBOW BROKO;2,00;PCS;115.000,00;0,00;0,00;0,00;230.000,00;0,00;0,00;0,00;0,00;0,00;Jeffry Lantang;FOR: REPLACE DEFECTIVE EMERGENCY LIGHT LOINING AREA;
20601;70460020467;07-01-2026;66540;09-01-2026;IDR;CV TERMINAL KARYA MANDIRI;90009;UPS ICA 1200 VA CT 682B;1,00;UNIT;1.500.000,00;0,00;0,00;0,00;1.500.000,00;0,00;0,00;0,00;0,00;0,00;Jeffry Lantang;FOR: EMERGENCY LAMP LOINING AREA;
20453;70460020321;04-12-2025;66548;12-01-2026;IDR;PT. OSMO MARINA MANDIRI;69578;Ebara Pump (complete with electromotor) type 65-50 FSH ;1,00;UNIT;18.300.000,00;0,00;0,00;2.013.000,00;20.313.000,00;0,00;0,00;0,00;0,00;0,00;Jeffry Lantang;PERAKITAN 4-5 HARI KERJA FRANKO PT SARI JASA TRANSUTAMA JAKARTA;
20666;70460020532;21-01-2026;66584;22-01-2026;IDR;UD KARYA MENTARI;60642;WELDING ARGON STICK S/S 308-316 2.6mm Lsi @5kgs;150,00;PCS;10.000,00;0,00;0,00;0,00;250.000,00;0,00;0,00;0,00;0,00;0,00;Erni Ending;;
20665;70460020531;21-01-2026;66587;22-01-2026;IDR;TK.KARYA BANGUNAN;56875;S/S PIPE 1/2 INC SCHEDULE 40;3,00;LGTS;760.000,00;0,00;0,00;0,00;2.280.000,00;0,00;0,00;0,00;0,00;0,00;Erni Ending;;
20676;70460020542;21-01-2026;66597;23-01-2026;IDR;TOKO MUDJUR BITUNG;63884;ELBOW PVC 4 X 90 WAVIN;6,00;PCS;35.000,00;0,00;0,00;0,00;210.000,00;0,00;0,00;0,00;0,00;0,00;Erni Ending;;
20412;70460020280;26-11-2025;66598;23-01-2026;IDR;PT INTER MULTI FIBERINDO;FA0031;TANGKI AIR BERSIH LANDSCAPE, DIA 24 X 5P VOLUME 22.000 LITER (ms plate thickness 6mm) include man hole );1,00;UNIT;83.000.000,00;0,00;0,00;9.130.000,00;92.130.000,00;0,00;0,00;0,00;0,00;0,00;Erni Ending;HARGA FRANGKO PT SPFI;
20702;70460020568;26-01-2026;66623;27-01-2026;IDR;TOKO MUDJUR BITUNG;50995;NIPPON PLATON GREEN NP 1546 @ 3.7KG;3,00;TIN;280.000,00;0,00;0,00;0,00;840.000,00;0,00;0,00;0,00;0,00;0,00;Erni Ending;;
20639;70460020505;13-01-2026;66625;27-01-2026;IDR;CV SINAR MANDIRI;64462;ENGSEL PINTU S/S 3 INCH;4,00;PCS;87.500,00;0,00;0,00;0,00;350.000,00;0,00;0,00;0,00;0,00;0,00;Erni Ending;MODEL,UKURAN DAN WARNA CAT SESUAI KONFIRMASI DENGAN PAK EDUARD LUAS;
20639;70460020505;13-01-2026;66625;27-01-2026;IDR;CV SINAR MANDIRI;65880;KUNCI PINTU + HANDLE DOOR, TYPE SOLID;2,00;SETS;200.000,00;0,00;0,00;0,00;400.000,00;0,00;0,00;0,00;0,00;0,00;Erni Ending;MODEL,UKURAN DAN WARNA CAT SESUAI KONFIRMASI DENGAN PAK EDUARD LUAS;
20639;70460020505;13-01-2026;66625;27-01-2026;IDR;CV SINAR MANDIRI;56379;PINTU KAYU CEMPAKA ;2,00;SHEET;1.300.000,00;0,00;0,00;0,00;2.600.000,00;0,00;0,00;0,00;0,00;0,00;Erni Ending;MODEL,UKURAN DAN WARNA CAT SESUAI KONFIRMASI DENGAN PAK EDUARD LUAS;
20639;70460020505;13-01-2026;66625;27-01-2026;IDR;CV SINAR MANDIRI;56380;KUSEN KAYU CEMPAKA ;1,00;PCS;1.050.000,00;0,00;0,00;0,00;1.050.000,00;0,00;0,00;0,00;0,00;0,00;Erni Ending;MODEL,UKURAN DAN WARNA CAT SESUAI KONFIRMASI DENGAN PAK EDUARD LUAS;
20272;70460020140;30-10-2025;66629;28-01-2026;IDR;TOKO CENTRAL TEKNIK BITUNG;54697;NS STAINCLEAN, Brand NIKKO STEEL ;4,00;KGS;215.000,00;0,00;0,00;0,00;860.000,00;0,00;0,00;0,00;0,00;0,00;Jeffry Lantang;FOR: INSTALATION LOINING TABLE TAHAP 2;
20650;70460020516;19-01-2026;66632;28-01-2026;IDR;TOKO MUDJUR BITUNG;57129; SS Bolt & Nut + Rings,  M12 Panjang drat 3,5 inch ;88,00;PCS;43.000,00;0,00;0,00;0,00;3.784.000,00;0,00;0,00;0,00;0,00;0,00;Jeffry Lantang;FOR: NEW CONVEYOR LOINING TAHAP 2;
20651;70460020517;19-01-2026;66642;29-01-2026;IDR;Toko Sinar Abadi Bitung;53147;Led Floodlight 100 watt Phillips IP 65;40,00;PCS;450.000,00;0,00;0,00;0,00;18.000.000,00;0,00;0,00;0,00;0,00;0,00;Jeffry Lantang;FOR: FPL DAN LOINING AREA (HRAGA REPEAT ORDER PO: 66473 PRS ID 45241);
20651;70460020517;19-01-2026;66642;29-01-2026;IDR;Toko Sinar Abadi Bitung;63346;CABLE NYY 3X2.5MM ETERNA @50 M/ROLL;1,00;ROLL;1.402.000,00;0,00;0,00;0,00;1.402.000,00;0,00;0,00;0,00;0,00;0,00;Jeffry Lantang;FOR: FPL DAN LOINING AREA (HRAGA REPEAT ORDER PO: 66473 PRS ID 45241);
20696;70460020562;23-01-2026;66643;29-01-2026;IDR;TRITUNGGAL SKF;64980;CHAIN SS  RS60;2,00;DOSS;3.307.800,00;0,00;0,00;0,00;6.615.600,00;0,00;0,00;0,00;0,00;0,00;Jeffry Lantang;"INDENT 7 HARI READY STOCK MAKASAR, FOR;CONVEYOR BRINE TENDER, CAN WASHER & BRINE PACKING ";
20696;70460020562;23-01-2026;66643;29-01-2026;IDR;TRITUNGGAL SKF;61523;CHAIN RS 50;3,00;DOS;2.397.600,00;0,00;0,00;0,00;7.192.800,00;0,00;0,00;0,00;0,00;0,00;Jeffry Lantang;"INDENT 7 HARI READY STOCK MAKASAR, FOR;CONVEYOR BRINE TENDER, CAN WASHER & BRINE PACKING ";
20727;70460020593;28-01-2026;66651;29-01-2026;IDR;TOKO MUDJUR BITUNG;62957;BOLT & NUT  SS  10 MM  X  10 CM;128,00;PCS;31.000,00;0,00;0,00;0,00;3.968.000,00;0,00;0,00;0,00;0,00;0,00;Jeffry Lantang;FOR: FLANGE BEARING MOTOR;
20739;70460020605;30-01-2026;66654;30-01-2026;IDR;PT PASTI DJADI;55597;EPOXY FLOOR ROKRETE PU MF;4,00;SET;1.460.000,00;0,00;0,00;642.400,00;6.482.400,00;0,00;0,00;0,00;0,00;0,00;Erni Ending;FOR PERBAIKAN LANTAI PACKING AREA;
20732;70460020598;29-01-2026;66660;02-02-2026;IDR;TOKO MUDJUR BITUNG;60643;TUNGSTEN 2.4MM FOR MATERIAL SS WARNA MERAH;160,00;PCS;51.000,00;0,00;0,00;0,00;8.160.000,00;0,00;0,00;0,00;0,00;0,00;Jeffry Lantang;FOR: LOINING CONVEYOR TAHAP 2;
20337;70460020205;07-11-2025;66661;02-02-2026;IDR;ROBERTHO RANTUNG;04750;SLC TOOLS & MATERIALS FOR COOLING TUNNEL ;1,00;LOT;555.000.000,00;0,00;11.100.000,00;0,00;543.900.000,00;0,00;0,00;0,00;0,00;0,00;Jeffry Lantang;PERSIAPAN MATERIAL 1 BULAN, PEKERJAAN FABRIKASI DAN PEMASANGAN KURANG LEBIH 1 BULAN TOTAL 2,5 BULAN;
20251;70460020119;27-10-2025;66665;03-02-2026;IDR;Toko Sinar Abadi Bitung;62952;CONTACTOR TELEMECANIQUE LC1, D32 COIL 220VOLT, 50HZ;8,00;PCS;450.000,00;0,00;0,00;0,00;3.600.000,00;0,00;0,00;0,00;0,00;0,00;Jeffry Lantang;"FOR; PANEL CONTROL CONVEYOR LOINING TAHAP 2 CAPEX";
20735;70460020601;30-01-2026;66673;03-02-2026;IDR;Toko Sinar Abadi Bitung;68302;LED bulb, 18 watts;15,00;PCS;118.000,00;0,00;0,00;0,00;1.770.000,00;0,00;0,00;0,00;0,00;0,00;Jeffry Lantang;FOR: STAFF HOUSE, TRICANTER, SCRAB OUT SIDE BUILDING & CANTEEN (HARGA REPEAT ORDER PO: 65604);
20735;70460020601;30-01-2026;66673;03-02-2026;IDR;Toko Sinar Abadi Bitung;61669;LED bulb 9 w 220 v 50 hz.;15,00;PCS;53.000,00;0,00;0,00;0,00;795.000,00;0,00;0,00;0,00;0,00;0,00;Jeffry Lantang;FOR: STAFF HOUSE, TRICANTER, SCRAB OUT SIDE BUILDING & CANTEEN (HARGA REPEAT ORDER PO: 65604);
20402;70460020270;24-11-2025;66708;10-02-2026;USD;ZUCHENG LEKON AUTOMATION TECHNOLOGY CO LTD;FA0030;Tunel Washer Machine, capacity 500 trays per hour 80 percent dry;1,00;UNIT;20.750,00;0,00;0,00;0,00;0,00;0,00;0,00;0,00;20.750,00;0,00;Erni Ending;PRICE = FOB QINGDAO,CHINA;
T O T A L;;;;;;;;;;;;;;;0,00;0,00;0,00;0,00;0,00;0,00;;;
Department: [7042] Inventory Management;;;;;;;;;;;;;;;;;;;;;;;
20397;70420020265;21-11-2025;66497;05-01-2026;IDR;CV DND GLOBAL SUPPLY;50003;AUTO CLAVE / COMPLY STEAM INDICATOR TAPE 3/4 IN - 1322.18;10,00;ROLL;100.000,00;0,00;0,00;110.000,00;1.110.000,00;0,00;0,00;0,00;0,00;0,00;Erni Ending;;
20561;70420020427;31-12-2025;66498;05-01-2026;IDR;CV.TRINITY ELEKTRA JAYA;46379;LABEL PRINTING 603 KINGFISHER IN BRINE;9.300,00;PCS;350,00;0,00;0,00;0,00;3.255.000,00;0,00;0,00;0,00;0,00;0,00;Erni Ending;;
20509;70420020377;16-12-2025;66501;05-01-2026;IDR;PT. MATAHARI INTI PERKASA;90812;PAPER HVS KWARTO/A4s;30,00;REAMS;42.042,00;0,00;0,00;0,00;1.261.260,00;0,00;0,00;0,00;0,00;0,00;Erni Ending;;
20509;70420020377;16-12-2025;66501;05-01-2026;IDR;PT. MATAHARI INTI PERKASA;90650;PAPER HVS FOLIO;30,00;REAMS;47.738,60;0,00;0,00;0,00;1.432.158,00;0,00;0,00;0,00;0,00;0,00;Erni Ending;;
20546;70420020412;23-12-2025;66503;05-01-2026;IDR;TUNAS HARAPAN;43684;CARTON PRINTING 05 TUNA ROYALE 603;3.300,00;PCS;950,00;0,00;0,00;0,00;3.135.000,00;0,00;0,00;0,00;0,00;0,00;Erni Ending;;
20531;70420020397;22-12-2025;66504;05-01-2026;IDR;PT BINO MITRA SEJATI;90886;ORDNER DIPLOMA  BIG( PVC FOLIO 1465-11 );30,00;PCS;38.069,37;0,00;0,00;125.628,92;1.267.709,99;0,00;0,00;0,00;0,00;0,00;Erni Ending;;
20531;70420020397;22-12-2025;66504;05-01-2026;IDR;PT BINO MITRA SEJATI;94225;ORDNER DIPLOMA PVC UK.KUITANSI WARNA BIRU;30,00;PCS;33.300,00;0,00;0,00;109.890,00;1.108.890,00;0,00;0,00;0,00;0,00;0,00;Erni Ending;;
20540;70420020406;23-12-2025;66506;05-01-2026;IDR;AZKO;92566;TISSUE ROLL BESAR;12,00;PACK;70.360,00;0,00;0,00;0,00;844.320,00;0,00;0,00;0,00;0,00;0,00;Erni Ending;;
20563;70420020429;31-12-2025;66508;05-01-2026;IDR;CV.TRINITY ELEKTRA JAYA;90328;FORM PALLET TAG TERLEBEL;60,00;PADS;18.500,00;0,00;0,00;0,00;1.110.000,00;0,00;0,00;0,00;0,00;0,00;Erni Ending;;
20507;70420020375;16-12-2025;66510;05-01-2026;IDR;GOLDEN MITRA INTI PERKASA PT;54012;LIME FRESH PENCUCI PIRING ;60,00;BAGS;9.100,00;0,00;0,00;0,00;546.000,00;0,00;0,00;0,00;0,00;0,00;Erni Ending;;
20540;70420020406;23-12-2025;66510;05-01-2026;IDR;GOLDEN MITRA INTI PERKASA PT;95071;Battery Alkaline AA;48,00;PCS;9.200,00;0,00;0,00;0,00;441.600,00;0,00;0,00;0,00;0,00;0,00;Erni Ending;;
20540;70420020406;23-12-2025;66510;05-01-2026;IDR;GOLDEN MITRA INTI PERKASA PT;91041;BATTERY A3  ( ALKALINE );12,00;PCS;9.100,00;0,00;0,00;0,00;109.200,00;0,00;0,00;0,00;0,00;0,00;Erni Ending;;
20540;70420020406;23-12-2025;66510;05-01-2026;IDR;GOLDEN MITRA INTI PERKASA PT;90006;BINDER CLIPS, 107 (SMALL);6,00;DOS;3.600,00;0,00;0,00;0,00;21.600,00;0,00;0,00;0,00;0,00;0,00;Erni Ending;;
20540;70420020406;23-12-2025;66510;05-01-2026;IDR;GOLDEN MITRA INTI PERKASA PT;90643;BINDER CLIPS, 155 (BIG);6,00;DOS;7.500,00;0,00;0,00;0,00;45.000,00;0,00;0,00;0,00;0,00;0,00;Erni Ending;;
20540;70420020406;23-12-2025;66510;05-01-2026;IDR;GOLDEN MITRA INTI PERKASA PT;91100;LEM POVINAL 117;10,00;BTL;6.100,00;0,00;0,00;0,00;61.000,00;0,00;0,00;0,00;0,00;0,00;Erni Ending;;
20540;70420020406;23-12-2025;66510;05-01-2026;IDR;GOLDEN MITRA INTI PERKASA PT;90517;LOG BOOK 200 GARDA;12,00;PADS;36.400,00;0,00;0,00;0,00;436.800,00;0,00;0,00;0,00;0,00;0,00;Erni Ending;;
20540;70420020406;23-12-2025;66510;05-01-2026;IDR;GOLDEN MITRA INTI PERKASA PT;92564;TISSUE ROLL PANJANG;6,00;PCS;13.400,00;0,00;0,00;0,00;80.400,00;0,00;0,00;0,00;0,00;0,00;Erni Ending;;
20540;70420020406;23-12-2025;66510;05-01-2026;IDR;GOLDEN MITRA INTI PERKASA PT;91003;PAPER FASTENER;12,00;DOS;12.800,00;0,00;0,00;0,00;153.600,00;0,00;0,00;0,00;0,00;0,00;Erni Ending;;
20570;70420020436;05-01-2026;66511;06-01-2026;IDR;TOKO MUDJUR BITUNG;50217;CHLORINE POWDER 15KG/PAIL;6,00;PAILS;700.000,00;0,00;0,00;0,00;4.200.000,00;0,00;0,00;0,00;0,00;0,00;Erni Ending;REPEAT ORDER PO#66321;
20586;70420020452;06-01-2026;66513;06-01-2026;IDR;CV.PERCETAKAN MANADO;41442;LABEL ULAM LAUT IKAN TUNA SAMBAL GORENG;270,00;PCS;850,00;0,00;0,00;0,00;229.500,00;0,00;0,00;0,00;0,00;0,00;Erni Ending;;
20586;70420020452;06-01-2026;66513;06-01-2026;IDR;CV.PERCETAKAN MANADO;41443;LABEL ULAM LAUT IKAN TUNA SOUS WOKU;270,00;PCS;850,00;0,00;0,00;0,00;229.500,00;0,00;0,00;0,00;0,00;0,00;Erni Ending;;
20495;70420020363;15-12-2025;66515;06-01-2026;USD;UNITED CAN COMPANY LIMITED PT.;20004;EMPTY CANS 307 X 112 WITH NORMAL LIDS;275.000,00;SET;0,12;0,00;0,00;0,00;0,00;0,00;0,00;0,00;32.450,00;0,00;Erni Ending;;
20585;70420020451;06-01-2026;66519;07-01-2026;IDR;PT ABSORDRY INTERNATIONAL;51230;ABSOR DRY;50,00;BOX;335.000,00;0,00;0,00;0,00;16.750.000,00;0,00;0,00;0,00;0,00;0,00;Erni Ending;REPEAT ORDER PO#66094;
20585;70420020451;06-01-2026;66520;07-01-2026;IDR;PT SAMI SURYA PERKASA;51562;PLASTIC SACK 60 X 90 CM STRIP MERAH;15.000,00;PCS;1.620,00;0,00;0,00;0,00;24.300.000,00;0,00;0,00;0,00;0,00;0,00;Erni Ending;REPEAT ORDER PO#66053;
20578;70420020444;05-01-2026;66521;07-01-2026;IDR;CV.PERCETAKAN MANADO;43696;LABEL RIVERDENE SCB 307 uv coated;173.000,00;PCS;140,00;0,00;0,00;0,00;24.220.000,00;0,00;0,00;0,00;0,00;0,00;Erni Ending;;
20577;70420020443;05-01-2026;66522;07-01-2026;IDR;PT MIRE PRIN COLL;33696;CARTON TRAY RIVERDENE SCB 307 ;14.500,00;PCS;1.465,00;0,00;0,00;0,00;21.242.500,00;0,00;0,00;0,00;0,00;0,00;Erni Ending;REPEAT ORDER PO#65912;
20584;70420020450;06-01-2026;66523;07-01-2026;IDR;TK TRIPUTRA;51355;CELEMEK KAIN MERAH MUDA;25,00;PCS;20.000,00;0,00;0,00;0,00;500.000,00;0,00;0,00;0,00;0,00;0,00;Erni Ending;;
20584;70420020450;06-01-2026;66523;07-01-2026;IDR;TK TRIPUTRA;51313;CELEMEK KAIN BIRU;100,00;PCS;20.000,00;0,00;0,00;0,00;2.000.000,00;0,00;0,00;0,00;0,00;0,00;Erni Ending;;
20547;70420020413;23-12-2025;66528;09-01-2026;IDR;PT SARI SENTRAL INDONESIA;52317;TIP PEN CAPSULES (RED) C1900/0121  @ 3 PCS/PACK;5,00;PACKS;1.850.000,00;0,00;0,00;1.017.500,00;10.267.500,00;0,00;0,00;0,00;0,00;0,00;Erni Ending;INDEN 8 WEEKS;
20565;70420020431;05-01-2026;66529;09-01-2026;IDR;UD KARYA MENTARI;50134;FILTER AIR BENANG 1MM;60,00;PCS;14.500,00;0,00;0,00;0,00;870.000,00;0,00;0,00;0,00;0,00;0,00;Erni Ending;REPEAT ORDER PO#65952;
20562;70420020428;31-12-2025;66533;09-01-2026;IDR;CV.PERCETAKAN MANADO;43677;UV VARNISH LABEL 603 KINGFISHER IN BRINE ;9.300,00;PCS;150,00;0,00;0,00;0,00;1.395.000,00;0,00;0,00;0,00;0,00;0,00;Erni Ending;;
20580;70420020446;05-01-2026;66534;09-01-2026;USD;BOS NATURAL FLAVOURS LTD;10325;PAPRIKA OLEORESIN 50000 OS;25,00;KGS;20,50;0,00;0,00;0,00;0,00;0,00;0,00;0,00;512,50;0,00;Erni Ending;FOR SIRENA Q2/2026 ORDER;
20596;70420020462;07-01-2026;66541;09-01-2026;IDR;CV.PERCETAKAN MANADO;42331;LABEL 307 TUNA ROYALE IKAN TUNA DALAM MINYAK CABAI;75,00;PCS;1.500,00;0,00;0,00;0,00;112.500,00;0,00;0,00;0,00;0,00;0,00;Erni Ending;FOR DUBAI EXPO;
20596;70420020462;07-01-2026;66541;09-01-2026;IDR;CV.PERCETAKAN MANADO;42332;LABEL 307 TUNA ROYALE IKAN TUNA DALAM MINYAK ;75,00;PCS;1.500,00;0,00;0,00;0,00;112.500,00;0,00;0,00;0,00;0,00;0,00;Erni Ending;FOR DUBAI EXPO;
20596;70420020462;07-01-2026;66541;09-01-2026;IDR;CV.PERCETAKAN MANADO;42333;LABEL 307 TUNA ROYALE IKAN TUNA DALAM AIR GARAM;30,00;PCS;2.500,00;0,00;0,00;0,00;75.000,00;0,00;0,00;0,00;0,00;0,00;Erni Ending;FOR DUBAI EXPO;
20597;70420020463;07-01-2026;66541;09-01-2026;IDR;CV.PERCETAKAN MANADO;42334;PAPER LABEL TUNA ROYALE  DALAM MINYAK CABAI UNTUK PENUTUP KALENG ;75,00;PCS;1.500,00;0,00;0,00;0,00;112.500,00;0,00;0,00;0,00;0,00;0,00;Erni Ending;FOR DUBAI EXPO;
20597;70420020463;07-01-2026;66541;09-01-2026;IDR;CV.PERCETAKAN MANADO;42335;PAPER LABEL TUNA ROYALE  DALAM MINYAK UNTUK PENUTUP KALENG ;75,00;PCS;1.500,00;0,00;0,00;0,00;112.500,00;0,00;0,00;0,00;0,00;0,00;Erni Ending;FOR DUBAI EXPO;
20597;70420020463;07-01-2026;66541;09-01-2026;IDR;CV.PERCETAKAN MANADO;42336;PAPER LABEL TUNA ROYALE  DALAM AIR GARAM UNTUK PENUTUP KALENG ;30,00;PCS;2.500,00;0,00;0,00;0,00;75.000,00;0,00;0,00;0,00;0,00;0,00;Erni Ending;FOR DUBAI EXPO;
20584;70420020450;06-01-2026;66543;12-01-2026;IDR;SHOPEE ON LINE SHOP;50515;HAIRNET BLACK;200,00;PCS;6.708,00;0,00;0,00;0,00;1.341.600,00;0,00;0,00;0,00;0,00;0,00;Erni Ending;;
20607;70420020473;09-01-2026;66546;12-01-2026;IDR;CV.PERCETAKAN MANADO;45601;LABEL PRINTING 603 RYKOFF SEXTON UV COATED;3.000,00;PCS;550,00;0,00;0,00;0,00;1.650.000,00;0,00;0,00;0,00;0,00;0,00;Erni Ending;R.253680;
20607;70420020473;09-01-2026;66546;12-01-2026;IDR;CV.PERCETAKAN MANADO;47850;LABEL PRINTING 603 EMPIRE TREASURE UV COATED ;6.600,00;PCS;415,00;0,00;0,00;0,00;2.739.000,00;0,00;0,00;0,00;0,00;0,00;Erni Ending;R.253680;
20608;70420020474;09-01-2026;66547;12-01-2026;IDR;TUNAS HARAPAN;34502;CARTON PRINTING  RYKOFF SEXTON 603;505,00;PCS;2.700,00;0,00;0,00;0,00;1.363.500,00;0,00;0,00;0,00;0,00;0,00;Erni Ending;R.253680;
20608;70420020474;09-01-2026;66547;12-01-2026;IDR;TUNAS HARAPAN;35680;CARTON PRINTING  EMPIRE TREASURE 603;1.105,00;PCS;2.500,00;0,00;0,00;0,00;2.762.500,00;0,00;0,00;0,00;0,00;0,00;Erni Ending;R.253680;
20581;70420020447;05-01-2026;66549;13-01-2026;IDR;PT. HASKARA DJAJA;56262;PLASTIC STRETCH WRAP 500 MM X 1500 MTR 20 MICRON;15,00;ROLL;390.000,00;0,00;0,00;643.500,00;6.493.500,00;0,00;0,00;0,00;0,00;0,00;Erni Ending;REPEAT ORDER PO#65003;
20579;70420020445;05-01-2026;66550;13-01-2026;IDR;PT GATRIRESA MINA REMPAH;10140;RICA KERING [ DRIED CHILI ];200,00;KGS;230.000,00;0,00;0,00;0,00;46.000.000,00;0,00;0,00;0,00;0,00;0,00;Erni Ending;"FOR SIRENA Q2 /2026  ; HARGA FRANGKO EKSPEDISI SINAR INTAN JAYA ";
20604;70420020470;09-01-2026;66553;13-01-2026;USD;UNITED CAN COMPANY LIMITED PT.;20002;EMPTY CANS 307 X 113  EOE AL/GNNN;250.000,00;SETS;0,14;0,00;0,00;0,00;0,00;0,00;0,00;0,00;34.500,00;0,00;Erni Ending;FOR STUTZER/.SUPREME SCO 307;
20630;70420020496;12-01-2026;66554;13-01-2026;IDR;TOKO MUDJUR BITUNG;50881;HAND GLOVE COTTON (BLACK);60,00;PAIRS;5.000,00;0,00;0,00;0,00;300.000,00;0,00;0,00;0,00;0,00;0,00;Erni Ending;;
20622;70420020488;12-01-2026;66556;13-01-2026;IDR;KOPERASI KARYAWAN SINAR ;51800;DETERGENT DAIA PUTIH @1.6KG/BAGS;72,00;BAGS;32.500,00;0,00;0,00;0,00;2.340.000,00;0,00;0,00;0,00;0,00;0,00;Erni Ending;;
20631;70420020497;12-01-2026;66556;13-01-2026;IDR;KOPERASI KARYAWAN SINAR ;93257;TISSUE KASAR ;24,00;PCS;16.500,00;0,00;0,00;0,00;396.000,00;0,00;0,00;0,00;0,00;0,00;Erni Ending;;
20571;70420020437;05-01-2026;66559;14-01-2026;IDR;PT MIRE PRIN COLL;31522;TRAY SIRENA  307 IN OIL PACKED IN 36 TINS;14.700,00;PCS;2.550,00;0,00;0,00;0,00;37.485.000,00;0,00;0,00;0,00;0,00;0,00;Erni Ending;FOR SIRENA Q2 / 2026;
20571;70420020437;05-01-2026;66559;14-01-2026;IDR;PT MIRE PRIN COLL;30587;TRAY SIRENA 307 IN OIL WITH CHILI;21.070,00;PCS;2.460,00;0,00;0,00;0,00;51.832.200,00;0,00;0,00;0,00;0,00;0,00;Erni Ending;FOR SIRENA Q2 / 2026;
20571;70420020437;05-01-2026;66559;14-01-2026;IDR;PT MIRE PRIN COLL;30331;TRAY SIRENA 307 YSB ;12.040,00;PCS;2.550,00;0,00;0,00;0,00;30.702.000,00;0,00;0,00;0,00;0,00;0,00;Erni Ending;FOR SIRENA Q2 / 2026;
20574;70420020440;05-01-2026;66560;14-01-2026;IDR;PT KARYA CIPTA KHARISMA PERKASA;34211;TRAY 211 SIRENA IN SPRINGWATER;23.600,00;PCS;1.735,00;0,00;0,00;0,00;40.946.000,00;0,00;0,00;0,00;0,00;0,00;Erni Ending;FOR SIRENA Q2/2026;
20640;70420020506;13-01-2026;66562;14-01-2026;IDR;AZKO;50982;LINT ROLLER;6,00;PCS;52.720,00;0,00;0,00;0,00;316.320,00;0,00;0,00;0,00;0,00;0,00;Erni Ending;;
20621;70420020487;09-01-2026;66566;15-01-2026;IDR;PT. HASKARA DJAJA;53211;SHRINK WRAP PLASTIC [ PE ] FOR SIRENA 211 / 24 TRAY UKURAN P. 50.5 CM, L. 28.5 CM, TEBAL 50 MICRON 1 BUKAAN;400,00;KGS;31.000,00;0,00;0,00;1.364.000,00;13.764.000,00;0,00;0,00;0,00;0,00;0,00;Erni Ending;FOR SIRENA Q2/2026 ORDER;
20621;70420020487;09-01-2026;66566;15-01-2026;IDR;PT. HASKARA DJAJA;55400;SHRINK WRAP PLASTIC [ PE ] FOR SIRENA 307/ 24 TRAY UKURAN P. 54 CM, L. 35 CM, TEBAL 50 MICRON 1 BUKAAN;850,00;KGS;31.000,00;0,00;0,00;2.898.500,00;29.248.500,00;0,00;0,00;0,00;0,00;0,00;Erni Ending;FOR SIRENA Q2/2026 ORDER;
20621;70420020487;09-01-2026;66566;15-01-2026;IDR;PT. HASKARA DJAJA;54211;SHRINK WRAP PLASTIC [ PE ] FOR SIRENA 211 / 36 TINS TRAY UKURAN P. 51 CM, L. 33,5 CM, TEBAL 50 MICRON 1 BUKAAN;300,00;KGS;31.000,00;0,00;0,00;1.023.000,00;10.323.000,00;0,00;0,00;0,00;0,00;0,00;Erni Ending;FOR SIRENA Q2/2026 ORDER;
20618;70420020484;09-01-2026;66567;15-01-2026;IDR;ROBERTHO RANTUNG;50011;CONE THREAD;60,00;ROLL;18.000,00;0,00;0,00;0,00;1.080.000,00;0,00;0,00;0,00;0,00;0,00;Erni Ending;REPEAT ORDER PO#66125;
20623;70420020489;12-01-2026;66568;15-01-2026;IDR;CV.PERCETAKAN MANADO;96210;FORM PALLET TRANSFER SLIP (FROZEN PRECOOKED LOINS)      ;20,00;PADS;55.200,00;0,00;0,00;0,00;1.104.000,00;0,00;0,00;0,00;0,00;0,00;Erni Ending;"REPEAT ORDER PO#65437;66441";
20623;70420020489;12-01-2026;66568;15-01-2026;IDR;CV.PERCETAKAN MANADO;90162;PALLET TRANSFER SLIP;30,00;PADS;42.000,00;0,00;0,00;0,00;1.260.000,00;0,00;0,00;0,00;0,00;0,00;Erni Ending;"REPEAT ORDER PO#65437;66441";
20623;70420020489;12-01-2026;66569;15-01-2026;IDR;CV.TRINITY ELEKTRA JAYA;90114;TRANSFER SLIP;30,00;PADS;25.000,00;0,00;0,00;0,00;750.000,00;0,00;0,00;0,00;0,00;0,00;Erni Ending;"REPEAT ORDER PO#66016;66137";
20623;70420020489;12-01-2026;66569;15-01-2026;IDR;CV.TRINITY ELEKTRA JAYA;90122;COUNT TAG;120,00;PADS;18.500,00;0,00;0,00;0,00;2.220.000,00;0,00;0,00;0,00;0,00;0,00;Erni Ending;"REPEAT ORDER PO#66016;66137";
20623;70420020489;12-01-2026;66569;15-01-2026;IDR;CV.TRINITY ELEKTRA JAYA;90123;COUNT TAG FINISH GOOD;30,00;PADS;18.500,00;0,00;0,00;0,00;555.000,00;0,00;0,00;0,00;0,00;0,00;Erni Ending;"REPEAT ORDER PO#66016;66137";
20609;70420020475;09-01-2026;66571;19-01-2026;IDR;INTAN USTRIX PT;30001;"CARTONS 603 BROWN;INNER SIZE 470X312X113MM;SUBTANCE 150K/150M/150K CFLUTE";15.000,00;PCS;4.441,00;0,00;0,00;0,00;66.615.000,00;0,00;0,00;0,00;0,00;0,00;Erni Ending;HARGA FRANGKO PT SPFI;
20606;70420020472;09-01-2026;66572;19-01-2026;IDR;CV.PERCETAKAN MANADO;47827;LABEL 307 SUPREME SCO uv coated;170.112,00;PCS;142,00;0,00;0,00;0,00;24.155.904,00;0,00;0,00;0,00;0,00;0,00;Erni Ending;;
20605;70420020471;09-01-2026;66573;19-01-2026;IDR;TUNAS HARAPAN;34051;CARTON PRINTING 04 SUPREME SCO 307;3.564,00;PCS;675,00;0,00;0,00;0,00;2.405.700,00;0,00;0,00;0,00;0,00;0,00;Erni Ending;;
20647;70420020513;15-01-2026;66574;19-01-2026;IDR;PT. PUTRA ABTAR  MANDIRI;10077;GARAM HALUS UNICHEM K25 NON IODIZED;5.000,00;KGS;5.200,00;0,00;0,00;0,00;26.000.000,00;0,00;0,00;0,00;0,00;0,00;Erni Ending;HARGA FRANGKO EKSPEDISI SINAR INTAN JAYA;
20646;70420020512;15-01-2026;66575;20-01-2026;IDR;CV.SUMBER REJEKI;10105;PALM OIL KEMASAN ;3.600,00;LITER;15.765,77;0,00;0,00;6.243.243,22;62.999.999,74;0,00;0,00;0,00;0,00;0,00;Erni Ending;;
20611;70420020477;09-01-2026;66583;22-01-2026;IDR;TOKOPEDIA;65527;KAIN TAHAN PANAS FOR SHRINK WRAP MACHINE;3,00;MTRS;104.500,00;0,00;0,00;0,00;313.500,00;0,00;0,00;0,00;0,00;0,00;Erni Ending;;
20655;70420020521;19-01-2026;66586;22-01-2026;EUR;SANTAGATA 1907 SPA;10042;BLENDED OIL ;20.000,00;KGS;2,35;0,00;0,00;0,00;0,00;0,00;47.000,00;0,00;0,00;0,00;Erni Ending;"PRICE = CFR BITUNG ; SIRENA Q3 ORDER";
20667;70420020533;21-01-2026;66592;22-01-2026;USD;ASIAN GLOBAL HOLDING CO LTD;21213;CANS 211 SIRENA IN SPRINGWATER ;780.000,00;PCS;0,09;0,00;0,00;0,00;0,00;0,00;0,00;0,00;71.604,00;0,00;Erni Ending;ADDITONAL SIRENA 211 Q2 ORDER;
20667;70420020533;21-01-2026;66592;22-01-2026;USD;ASIAN GLOBAL HOLDING CO LTD;21200;SIRENA 211 EOE LITHOGRAPH;780.000,00;PCS;0,05;0,00;0,00;0,00;0,00;0,00;0,00;0,00;36.036,00;0,00;Erni Ending;ADDITONAL SIRENA 211 Q2 ORDER;
20668;70420020534;21-01-2026;66593;22-01-2026;IDR;PT. HASKARA DJAJA;51400;PLASTIC PE SHRINK CENTER FOLDED (BELAH SAMPING) TEBAL 40 MICRON LEBAR 400MM PANJANG 500MTR/ROL;400,00;KGS;31.000,00;0,00;0,00;1.364.000,00;13.764.000,00;0,00;0,00;0,00;0,00;0,00;Erni Ending;ADDITIONAL SIRENA 211 SPRINGWATER Q2 ORDER;
20670;70420020536;21-01-2026;66595;22-01-2026;IDR;PT KARYA CIPTA KHARISMA PERKASA;34211;TRAY 211 SIRENA IN SPRINGWATER;11.800,00;PCS;1.735,00;0,00;0,00;0,00;20.473.000,00;0,00;0,00;0,00;0,00;0,00;Erni Ending;ADDTIONAL PO#66560;
20637;70420020503;13-01-2026;66596;22-01-2026;IDR;JESSICA LINGKAN SITUNI;10140;RICA KERING [ DRIED CHILI ];100,00;KGS;220.000,00;0,00;0,00;0,00;22.000.000,00;0,00;0,00;0,00;0,00;0,00;Erni Ending;FOR SIRENA Q2/2026;
20691;70420020557;22-01-2026;66599;23-01-2026;IDR;KOPERASI KARYAWAN SINAR ;51800;DETERGENT DAIA PUTIH @1.6KG/BAGS;72,00;BAGS;32.500,00;0,00;0,00;0,00;2.340.000,00;0,00;0,00;0,00;0,00;0,00;Erni Ending;;
20691;70420020557;22-01-2026;66599;23-01-2026;IDR;KOPERASI KARYAWAN SINAR ;54012;LIME FRESH PENCUCI PIRING ;60,00;BAGS;13.500,00;0,00;0,00;0,00;810.000,00;0,00;0,00;0,00;0,00;0,00;Erni Ending;;
20684;70420020550;22-01-2026;66600;23-01-2026;IDR;CV.TRINITY ELEKTRA JAYA;41559;LABEL PRINTING DUET SCV WITH ADDITIVE 603;2.880,00;PCS;500,00;0,00;0,00;0,00;1.440.000,00;0,00;0,00;0,00;0,00;0,00;Erni Ending;REMA ORDER 11202 R.251492;
20684;70420020550;22-01-2026;66600;23-01-2026;IDR;CV.TRINITY ELEKTRA JAYA;41558;LABEL PRINTING DUET YCB 603;5.700,00;PCS;350,00;0,00;0,00;0,00;1.995.000,00;0,00;0,00;0,00;0,00;0,00;Erni Ending;REMA ORDER 11202 R.251492;
20681;70420020547;22-01-2026;66601;23-01-2026;IDR;TUNAS HARAPAN;32003;CARTON PRINTING 04 UNL KINGFISHER PL SCB 603;1.560,00;PCS;675,00;0,00;0,00;0,00;1.053.000,00;0,00;0,00;0,00;0,00;0,00;Erni Ending;"P.41524 ; REMA ORDER 11202 R.251492";
20683;70420020549;22-01-2026;66601;23-01-2026;IDR;TUNAS HARAPAN;31558;CARTON PRINTING 05 DUET YCB 603;955,00;PCS;950,00;0,00;0,00;0,00;907.250,00;0,00;0,00;0,00;0,00;0,00;Erni Ending;"P.41524 ; REMA ORDER 11202 R.251492";
20683;70420020549;22-01-2026;66601;23-01-2026;IDR;TUNAS HARAPAN;31559;CARTON PRINTING 05 DUET SCV 603;485,00;PCS;950,00;0,00;0,00;0,00;460.750,00;0,00;0,00;0,00;0,00;0,00;Erni Ending;"P.41524 ; REMA ORDER 11202 R.251492";
20622;70420020488;12-01-2026;66603;26-01-2026;IDR;GOLDEN MITRA INTI PERKASA PT;50090;Hand Soap Lifebuoy Big (Refill).;24,00;PCS;13.900,00;0,00;0,00;0,00;333.600,00;0,00;0,00;0,00;0,00;0,00;Erni Ending;;
20618;70420020484;09-01-2026;66603;26-01-2026;IDR;GOLDEN MITRA INTI PERKASA PT;90007;BINDER CLIPS, 111 MIDDLE;6,00;DOS;5.100,00;0,00;0,00;0,00;30.600,00;0,00;0,00;0,00;0,00;0,00;Erni Ending;;
20631;70420020497;12-01-2026;66603;26-01-2026;IDR;GOLDEN MITRA INTI PERKASA PT;92007;BALLPOINT SNOWMAN V5;120,00;PCS;3.900,00;0,00;0,00;0,00;468.000,00;0,00;0,00;0,00;0,00;0,00;Erni Ending;;
20674;70420020540;21-01-2026;66603;26-01-2026;IDR;GOLDEN MITRA INTI PERKASA PT;90082;STAPLER NO 10;6,00;PCS;13.000,00;0,00;0,00;0,00;78.000,00;0,00;0,00;0,00;0,00;0,00;Erni Ending;;
20674;70420020540;21-01-2026;66603;26-01-2026;IDR;GOLDEN MITRA INTI PERKASA PT;90080;STAPLES NO 10;24,00;DOS;2.000,00;0,00;0,00;0,00;48.000,00;0,00;0,00;0,00;0,00;0,00;Erni Ending;;
20674;70420020540;21-01-2026;66603;26-01-2026;IDR;GOLDEN MITRA INTI PERKASA PT;93654;TISSUE ROLL PENDEK;24,00;PCS;5.333,33;0,00;0,00;0,00;127.999,99;0,00;0,00;0,00;0,00;0,00;Erni Ending;;
20652;70420020518;19-01-2026;66603;26-01-2026;IDR;GOLDEN MITRA INTI PERKASA PT;90789;CLEAR HOLDER CH 60;48,00;PCS;35.600,00;0,00;0,00;0,00;1.708.800,00;0,00;0,00;0,00;0,00;0,00;Erni Ending;;
20674;70420020540;21-01-2026;66603;26-01-2026;IDR;GOLDEN MITRA INTI PERKASA PT;91089;CUTTER BIG;6,00;PCS;15.600,00;0,00;0,00;0,00;93.600,00;0,00;0,00;0,00;0,00;0,00;Erni Ending;;
20674;70420020540;21-01-2026;66603;26-01-2026;IDR;GOLDEN MITRA INTI PERKASA PT;90706;GUNTING;6,00;PCS;17.200,00;0,00;0,00;0,00;103.200,00;0,00;0,00;0,00;0,00;0,00;Erni Ending;;
20674;70420020540;21-01-2026;66603;26-01-2026;IDR;GOLDEN MITRA INTI PERKASA PT;90006;BINDER CLIPS, 107 (SMALL);6,00;DOS;3.300,00;0,00;0,00;0,00;19.800,00;0,00;0,00;0,00;0,00;0,00;Erni Ending;;
20674;70420020540;21-01-2026;66603;26-01-2026;IDR;GOLDEN MITRA INTI PERKASA PT;90510;LOG BOOK 100 GARDA;12,00;PADS;21.800,00;0,00;0,00;0,00;261.600,00;0,00;0,00;0,00;0,00;0,00;Erni Ending;;
20674;70420020540;21-01-2026;66603;26-01-2026;IDR;GOLDEN MITRA INTI PERKASA PT;90126;SPIDOL PERMANENT G 12;24,00;PCS;7.700,00;0,00;0,00;0,00;184.800,00;0,00;0,00;0,00;0,00;0,00;Erni Ending;;
20698;70420020564;23-01-2026;66612;26-01-2026;IDR;TOKO MUDJUR BITUNG;50620;CAUSTIC SODA FLAKE @ 25 KG;5,00;SACKS;550.000,00;0,00;0,00;0,00;2.750.000,00;0,00;0,00;0,00;0,00;0,00;Erni Ending;"REPEAT ORDER PO#66434;66142";
20687;70420020553;22-01-2026;66618;26-01-2026;USD;ASIAN GLOBAL HOLDING CO LTD;20387;EMPTY CAN 603 X 212 ;94.080,00;PCS;0,46;0,00;0,00;0,00;0,00;0,00;0,00;0,00;43.276,80;0,00;Erni Ending;FOR TUNA BELLY ORDER;
20687;70420020553;22-01-2026;66618;26-01-2026;USD;ASIAN GLOBAL HOLDING CO LTD;24125;603 NORMAL LIDS;94.080,00;PCS;0,13;0,00;0,00;0,00;0,00;0,00;0,00;0,00;12.230,40;0,00;Erni Ending;FOR TUNA BELLY ORDER;
20669;70420020535;21-01-2026;66621;26-01-2026;IDR;CV.TRINITY ELEKTRA JAYA;42213;BARCODE 211 SIRENA IN SPRINGWATER;23.520,00;PCS;65,00;0,00;0,00;0,00;1.528.800,00;0,00;0,00;0,00;0,00;0,00;Erni Ending;"FOR SIRENA Q2 ORDER ; PENGGANTIAN PO#66580;66594";
20573;70420020439;05-01-2026;66621;26-01-2026;IDR;CV.TRINITY ELEKTRA JAYA;40611;BARCODE STICKER SIRENA 307 YSB;24.080,00;PCS;95,00;0,00;0,00;0,00;2.287.600,00;0,00;0,00;0,00;0,00;0,00;Erni Ending;"FOR SIRENA Q2 ORDER ; PENGGANTIAN PO#66580;66594";
20573;70420020439;05-01-2026;66621;26-01-2026;IDR;CV.TRINITY ELEKTRA JAYA;43120;BARCODE STIKER SIRENA 307 IN OIL 36 tins;29.400,00;PCS;95,00;0,00;0,00;0,00;2.793.000,00;0,00;0,00;0,00;0,00;0,00;Erni Ending;"FOR SIRENA Q2 ORDER ; PENGGANTIAN PO#66580;66594";
20575;70420020441;05-01-2026;66621;26-01-2026;IDR;CV.TRINITY ELEKTRA JAYA;42213;BARCODE 211 SIRENA IN SPRINGWATER;47.200,00;PCS;95,00;0,00;0,00;0,00;4.484.000,00;0,00;0,00;0,00;0,00;0,00;Erni Ending;"FOR SIRENA Q2 ORDER ; PENGGANTIAN PO#66580;66594";
20573;70420020439;05-01-2026;66621;26-01-2026;IDR;CV.TRINITY ELEKTRA JAYA;30588;BARCODE STICKER SIRENA 307 IN OIL WITH CHILI;42.140,00;PCS;95,00;0,00;0,00;0,00;4.003.300,00;0,00;0,00;0,00;0,00;0,00;Erni Ending;"FOR SIRENA Q2 ORDER ; PENGGANTIAN PO#66580;66594";
20709;70420020575;27-01-2026;66626;27-01-2026;IDR;CV.PERCETAKAN MANADO;31525;LABEL 603 RIANXEIRA TUNA BELLY IN OIL uv coated;16.128,00;PCS;375,00;0,00;0,00;0,00;6.048.000,00;0,00;0,00;0,00;0,00;0,00;Erni Ending;REPEAT ORDER PO#66226;
20582;70420020448;05-01-2026;66631;28-01-2026;IDR;PT PRIMABOX ADIPERKASA;34025;"SLIP SHEET PAPER (3MM) UK.1160 mm X 1250 mm;K200/M150/K200 - BFLUTE";500,00;SHEET;13.964,00;0,00;0,00;0,00;6.982.000,00;0,00;0,00;0,00;0,00;0,00;Erni Ending;"FOR SIRENA Q2 ORDER ; HARGA FRANGKO EKSPEDISI SINAR INTAN JAYA";
20648;70420020514;19-01-2026;66634;28-01-2026;IDR;INTAN USTRIX PT;30745;"CARTON BROWN 307/48 173 ; INNER SIZE + 350X257X173MM ; SUBTANCE = K150/M125/K125 BFLUTE";7.000,00;PCS;3.510,00;0,00;0,00;0,00;24.570.000,00;0,00;0,00;0,00;0,00;0,00;Erni Ending;HARGA FRANGKO PT SPFI;
20713;70420020579;27-01-2026;66637;29-01-2026;IDR;PT UTAMA PLASPAK INKER;51488;CLEANING  SOLVENT @ 5 LTR / GLN;60,00;LTR;242.600,00;0,00;0,00;0,00;14.556.000,00;0,00;0,00;0,00;0,00;0,00;Erni Ending;HARGA FRANGKO EKSPEDISI SINAR INTAN JAYA;
20725;70420020591;28-01-2026;66638;29-01-2026;USD;ASIAN GLOBAL HOLDING CO LTD;20089;EMPTY CANS 307 X 113 WITH NORMAL LIDS;33.880,00;SETS;0,12;0,00;0,00;0,00;0,00;0,00;0,00;0,00;3.896,20;0,00;Erni Ending;EXCESS DELIVERY PO#66349;
20617;70420020483;09-01-2026;66639;29-01-2026;IDR;RUDI POLI;50688;CELEMEK PLASTIC WARNA BIRU;50,00;PCS;70.000,00;0,00;0,00;0,00;3.500.000,00;0,00;0,00;0,00;0,00;0,00;Erni Ending;;
20721;70420020587;28-01-2026;66640;29-01-2026;USD;ASIAN GLOBAL HOLDING CO LTD;21417;EMPTY CAN 307 X 113 SIRENA IN OIL ( AGH );312.000,00;PCS;0,12;0,00;0,00;0,00;0,00;0,00;0,00;0,00;36.597,60;0,00;Erni Ending;FOR SIRENA Q3 ORDER;
20721;70420020587;28-01-2026;66640;29-01-2026;USD;ASIAN GLOBAL HOLDING CO LTD;21415;EMPTY CAN 307 X 113 SIRENA IN OIL WITH CHILLI  ( AGH );468.000,00;PCS;0,12;0,00;0,00;0,00;0,00;0,00;0,00;0,00;54.896,40;0,00;Erni Ending;FOR SIRENA Q3 ORDER;
20721;70420020587;28-01-2026;66640;29-01-2026;USD;ASIAN GLOBAL HOLDING CO LTD;21413;EMPTY CAN  307 X  113 SIRENA IN SPRINGWATER ( AGH );312.000,00;PCS;0,12;0,00;0,00;0,00;0,00;0,00;0,00;0,00;36.597,60;0,00;Erni Ending;FOR SIRENA Q3 ORDER;
20721;70420020587;28-01-2026;66640;29-01-2026;USD;ASIAN GLOBAL HOLDING CO LTD;21414;SIRENA 307 EOE LITHOGRAPH ( AGH );1.092.000,00;PCS;0,05;0,00;0,00;0,00;0,00;0,00;0,00;0,00;55.255,20;0,00;Erni Ending;FOR SIRENA Q3 ORDER;
20722;70420020588;28-01-2026;66641;29-01-2026;USD;UNITED CAN COMPANY LIMITED PT.;21213;CANS 211 SIRENA IN SPRINGWATER ;350.000,00;PCS;0,08;0,00;0,00;0,00;0,00;0,00;0,00;0,00;28.980,00;0,00;Erni Ending;FOR SIRENA Q3 ORDER;
20722;70420020588;28-01-2026;66641;29-01-2026;USD;UNITED CAN COMPANY LIMITED PT.;21200;SIRENA 211 EOE LITHOGRAPH;350.000,00;PCS;0,06;0,00;0,00;0,00;0,00;0,00;0,00;0,00;19.320,00;0,00;Erni Ending;FOR SIRENA Q3 ORDER;
20711;70420020577;27-01-2026;66645;29-01-2026;IDR;UD.SOLAGRATIA;57455;BASMILANG 486 SL @ 1 LTR;3,00;BTL;70.000,00;0,00;0,00;0,00;210.000,00;0,00;0,00;0,00;0,00;0,00;Erni Ending;;
20674;70420020540;21-01-2026;66646;29-01-2026;IDR;DUNIA MEDIKA LESTARI;52022;ALKOHOL 96% @ 1000 ML;3,00;BTL;53.100,00;0,00;0,00;0,00;159.300,00;0,00;0,00;0,00;0,00;0,00;Erni Ending;;
20698;70420020564;23-01-2026;66648;29-01-2026;IDR;DEPOT AIR MINUM AIRQU;52442;PENUTUP GALLON AQUA;2.000,00;PCS;140,00;0,00;0,00;0,00;280.000,00;0,00;0,00;0,00;0,00;0,00;Erni Ending;;
20701;70420020567;26-01-2026;66649;29-01-2026;IDR;CV.PERCETAKAN MANADO;42540;PAPER STICKER RIANXEIRA TUNA BELLY IN OIL (uk. P.450mm X L. 135mm) ;2.688,00;PCS;2.500,00;0,00;0,00;0,00;6.720.000,00;0,00;0,00;0,00;0,00;0,00;Erni Ending;;
20710;70420020576;27-01-2026;66652;30-01-2026;IDR;CV.PERCETAKAN MANADO;90535;PAPER LETTERHEAD FOLIO;4,00;REAMS;198.000,00;0,00;0,00;0,00;792.000,00;0,00;0,00;0,00;0,00;0,00;Erni Ending;;
20710;70420020576;27-01-2026;66652;30-01-2026;IDR;CV.PERCETAKAN MANADO;90061;PAPER LETTERHEAD KWARTO;4,00;REAMS;198.000,00;0,00;0,00;0,00;792.000,00;0,00;0,00;0,00;0,00;0,00;Erni Ending;;
20710;70420020576;27-01-2026;66652;30-01-2026;IDR;CV.PERCETAKAN MANADO;90533;ENVELOPE WITH LETTER HEAD;3,00;BOX;225.000,00;0,00;0,00;0,00;675.000,00;0,00;0,00;0,00;0,00;0,00;Erni Ending;;
20674;70420020540;21-01-2026;66655;30-01-2026;IDR;GOLDEN MITRA INTI PERKASA PT;90812;PAPER HVS KWARTO/A4s;30,00;REAMS;59.000,00;0,00;0,00;0,00;1.770.000,00;0,00;0,00;0,00;0,00;0,00;Erni Ending;;
20698;70420020564;23-01-2026;66655;30-01-2026;IDR;GOLDEN MITRA INTI PERKASA PT;52014;SIKAT TANGAN (SIKAT BAJU) 209;60,00;PCS;9.800,00;0,00;0,00;0,00;588.000,00;0,00;0,00;0,00;0,00;0,00;Erni Ending;;
20698;70420020564;23-01-2026;66655;30-01-2026;IDR;GOLDEN MITRA INTI PERKASA PT;50291;SIKAT TANGAN TANGKAI NAGATA ;12,00;PC;53.500,00;0,00;0,00;0,00;642.000,00;0,00;0,00;0,00;0,00;0,00;Erni Ending;;
20652;70420020518;19-01-2026;66662;02-02-2026;IDR;CV TERMINAL KARYA MANDIRI;94531;INK REFILL FOR EPSON 3100 (003) BLACK;6,00;BTL;95.000,00;0,00;0,00;0,00;570.000,00;0,00;0,00;0,00;0,00;0,00;Erni Ending;PRINTER FOR STAFF IT;
20612;70420020478;09-01-2026;66666;03-02-2026;IDR;TANINDO LESTARI TANTO SE;65202;THERMOSTAT MESIN LABEL RANGE 0-300 C 220 V;2,00;PCS;3.100.000,00;0,00;0,00;0,00;6.200.000,00;0,00;0,00;0,00;0,00;0,00;Jeffry Lantang;FOR: LABELLER MACHINE 307 & 603 (HARGA REPEAT ORDER PO: 65063);
20762;70420020628;03-02-2026;66676;04-02-2026;IDR;TOKO MUDJUR BITUNG;50217;CHLORINE POWDER 15KG/PAIL;5,00;PAILS;700.000,00;0,00;0,00;0,00;3.500.000,00;0,00;0,00;0,00;0,00;0,00;Erni Ending;REPEAT ORDER PO#66511;
20757;70420020623;03-02-2026;66677;04-02-2026;IDR;SHOPEE ON LINE SHOP;50515;HAIRNET BLACK;300,00;PCS;5.200,00;0,00;0,00;0,00;1.560.000,00;0,00;0,00;0,00;0,00;0,00;Erni Ending;;
20761;70420020627;03-02-2026;66678;04-02-2026;IDR;CV.PERCETAKAN MANADO;90300;WITHDRAWALL SLIP  COLD STORAGE (WLSC);30,00;PADS;48.000,00;0,00;0,00;0,00;1.440.000,00;0,00;0,00;0,00;0,00;0,00;Erni Ending;REPEAT ORDER PO#65917;
20652;70420020518;19-01-2026;66680;04-02-2026;IDR;PT BINO MITRA SEJATI;90580;FILING FOLDER/MAP GANTUNG;100,00;PCS;8.370,27;0,00;0,00;92.072,97;929.099,97;0,00;0,00;0,00;0,00;0,00;Erni Ending;;
20731;70420020597;29-01-2026;66680;04-02-2026;IDR;PT BINO MITRA SEJATI;98748;ORDNER DIPLOMA  PP UKURAN KUITANSI;60,00;PCS;33.300,00;0,00;0,00;219.780,00;2.217.780,00;0,00;0,00;0,00;0,00;0,00;Erni Ending;;
20731;70420020597;29-01-2026;66681;04-02-2026;IDR;PT. MATAHARI INTI PERKASA;90812;PAPER HVS KWARTO/A4s;50,00;REAMS;47.040,00;211.680,00;0,00;0,00;2.140.320,00;0,00;0,00;0,00;0,00;0,00;Erni Ending;;
20731;70420020597;29-01-2026;66681;04-02-2026;IDR;PT. MATAHARI INTI PERKASA;90650;PAPER HVS FOLIO;25,00;REAMS;52.460,00;118.035,00;0,00;0,00;1.193.465,00;0,00;0,00;0,00;0,00;0,00;Erni Ending;;
20731;70420020597;29-01-2026;66682;04-02-2026;IDR;GOLDEN MITRA INTI PERKASA PT;90068;PUNCHER BIG;2,00;PCS;117.000,00;0,00;0,00;0,00;234.000,00;0,00;0,00;0,00;0,00;0,00;Erni Ending;;
20731;70420020597;29-01-2026;66682;04-02-2026;IDR;GOLDEN MITRA INTI PERKASA PT;90203;CUTTER REFILL BIG ;2,00;PACK;7.300,00;0,00;0,00;0,00;14.600,00;0,00;0,00;0,00;0,00;0,00;Erni Ending;;
20743;70420020609;30-01-2026;66682;04-02-2026;IDR;GOLDEN MITRA INTI PERKASA PT;90069;TISSUE REFILL NICE @ 900GR;24,00;PACK;41.800,00;0,00;0,00;0,00;1.003.200,00;0,00;0,00;0,00;0,00;0,00;Erni Ending;;
20743;70420020609;30-01-2026;66683;04-02-2026;IDR;KOPERASI KARYAWAN SINAR ;93257;TISSUE KASAR ;48,00;PCS;16.500,00;0,00;0,00;0,00;792.000,00;0,00;0,00;0,00;0,00;0,00;Erni Ending;REPEAT ORDER PO#66342;
20755;70420020621;03-02-2026;66684;05-02-2026;EUR;SANTAGATA 1907 SPA;10042;BLENDED OIL ;20.000,00;KGS;2,35;0,00;0,00;0,00;0,00;0,00;47.000,00;0,00;0,00;0,00;Erni Ending;FOR SIRENA Q3 ORDER;
20609;70420020475;09-01-2026;66688;06-02-2026;IDR;PT CAKRAWALA MEGA INDAH;30003;"CARTONS 603 WHITE ; SUBTANCE 150W/150M150K-BFLUTE ; INNER SIZE 470X312X113MM";15.000,00;PCS;4.785,00;0,00;0,00;0,00;71.775.000,00;0,00;0,00;0,00;0,00;0,00;Erni Ending;HARGA FRANGKO PT SPFI;
20756;70420020622;03-02-2026;66689;06-02-2026;IDR;TOKO MUDJUR BITUNG;65010;PENETRATING OIL WD 40;15,00;TIN;65.000,00;0,00;0,00;0,00;975.000,00;0,00;0,00;0,00;0,00;0,00;Jeffry Lantang;HARGA REPEAT ORDER Po: 66122 ITEM CODE : 65010;
20771;70420020637;04-02-2026;66690;06-02-2026;IDR;PT SANKARSA RESTUCHEMIE;60127;BOILER CHEMICAL PENDAWA 99 C @20KGS/PAIL;200,00;KGS;67.500,00;0,00;0,00;1.485.000,00;14.985.000,00;0,00;0,00;0,00;0,00;0,00;Jeffry Lantang;HARGA FRANKO JAKARTA (HARGA REPEAT ORDER PO: 66325);
20771;70420020637;04-02-2026;66690;06-02-2026;IDR;PT SANKARSA RESTUCHEMIE;60125;BOILER CHEMICAL PENDAWA 99 P @20KGS/PAIL;200,00;KGS;57.500,00;0,00;0,00;1.265.000,00;12.765.000,00;0,00;0,00;0,00;0,00;0,00;Jeffry Lantang;HARGA FRANKO JAKARTA (HARGA REPEAT ORDER PO: 66325);
20771;70420020637;04-02-2026;66690;06-02-2026;IDR;PT SANKARSA RESTUCHEMIE;60126;BOILER CHEMICAL PENDAWA 99 S @20KGS/PAIL;200,00;KGS;58.000,00;0,00;0,00;1.276.000,00;12.876.000,00;0,00;0,00;0,00;0,00;0,00;Jeffry Lantang;HARGA FRANKO JAKARTA (HARGA REPEAT ORDER PO: 66325);
20766;70420020632;04-02-2026;66700;09-02-2026;IDR;CV.TRINITY ELEKTRA JAYA;41558;LABEL PRINTING DUET YCB 603;28.800,00;PCS;270,00;0,00;0,00;0,00;7.776.000,00;0,00;0,00;0,00;0,00;0,00;Erni Ending;"RC 11379 - PO.254317;318;319";
20767;70420020633;04-02-2026;66701;09-02-2026;IDR;TUNAS HARAPAN;31558;CARTON PRINTING 05 DUET YCB 603;4.830,00;PCS;950,00;0,00;0,00;0,00;4.588.500,00;0,00;0,00;0,00;0,00;0,00;Erni Ending;"RC 11379 - PO254317;318;319";
20769;70420020635;04-02-2026;66702;09-02-2026;IDR;CV.PERCETAKAN MANADO;47850;LABEL PRINTING 603 EMPIRE TREASURE UV COATED ;4.800,00;PCS;550,00;0,00;0,00;0,00;2.640.000,00;0,00;0,00;0,00;0,00;0,00;Erni Ending;RC 11379 - PO.254373;
20769;70420020635;04-02-2026;66702;09-02-2026;IDR;CV.PERCETAKAN MANADO;42180;LABEL PRINTING 603 HIDDEN BAY UV COATED;4.800,00;PCS;550,00;0,00;0,00;0,00;2.640.000,00;0,00;0,00;0,00;0,00;0,00;Erni Ending;RC 11379 - PO.254373;
20768;70420020634;04-02-2026;66703;09-02-2026;IDR;TUNAS HARAPAN;35412;CARTON PRINTING  HIDDEN BAY 603;805,00;PCS;2.700,00;0,00;0,00;0,00;2.173.500,00;0,00;0,00;0,00;0,00;0,00;Erni Ending;RC 11379 - PO.254373;
20768;70420020634;04-02-2026;66703;09-02-2026;IDR;TUNAS HARAPAN;35680;CARTON PRINTING  EMPIRE TREASURE 603;805,00;PCS;2.500,00;0,00;0,00;0,00;2.012.500,00;0,00;0,00;0,00;0,00;0,00;Erni Ending;RC 11379 - PO.254373;
20784;70420020650;06-02-2026;66704;09-02-2026;IDR;KOPERASI KARYAWAN SINAR ;51800;DETERGENT DAIA PUTIH @1.6KG/BAGS;72,00;BAGS;32.500,00;0,00;0,00;0,00;2.340.000,00;0,00;0,00;0,00;0,00;0,00;Erni Ending;;
20784;70420020650;06-02-2026;66704;09-02-2026;IDR;KOPERASI KARYAWAN SINAR ;54012;LIME FRESH PENCUCI PIRING ;60,00;BAGS;13.500,00;0,00;0,00;0,00;810.000,00;0,00;0,00;0,00;0,00;0,00;Erni Ending;;
20765;70420020631;04-02-2026;66705;09-02-2026;IDR;CV.PERCETAKAN MANADO;90169;OFFICIAL RECEIPT ;20,00;PADS;30.500,00;0,00;0,00;0,00;610.000,00;0,00;0,00;0,00;0,00;0,00;Erni Ending;"REPEAT ORDER PO#65204;65871";
20783;70420020649;06-02-2026;66705;09-02-2026;IDR;CV.PERCETAKAN MANADO;92878;KERTAS STICKER UKURAN A4 BAHAN MC BONTACT;5.000,00;SHEETS;800,00;0,00;0,00;0,00;4.000.000,00;0,00;0,00;0,00;0,00;0,00;Erni Ending;"REPEAT ORDER PO#65204;65871";
20792;70420020658;09-02-2026;66710;10-02-2026;USD;ASIAN GLOBAL HOLDING CO LTD;21415;EMPTY CAN 307 X 113 SIRENA IN OIL WITH CHILLI  ( AGH );2.324,00;PCS;0,12;0,00;0,00;0,00;0,00;0,00;0,00;0,00;272,61;0,00;Erni Ending;"CONFIRMATORY; EXCESS DELIVERY PO#66360";
20793;70420020659;09-02-2026;66711;11-02-2026;IDR;PT SPLENDOR INOVASI INDONESIA;61590;BAND SAW BLADE SPECS : L 116 x W 5/8, THICNESS = 0,022, 3 THREAD PER INCH;10,00;PCS;188.800,00;0,00;0,00;207.680,00;2.095.680,00;0,00;0,00;0,00;0,00;0,00;Jeffry Lantang;HARGA FRANKO BITUNG , REPEAT ORDER PO: 65558;
T O T A L;;;;;;;;;;;;;;;0,00;0,00;0,00;0,00;0,00;0,00;;;
Department: [7044] Quality Assurance;;;;;;;;;;;;;;;;;;;;;;;
20515;70440020381;17-12-2025;66502;05-01-2026;IDR;PT NEW PRAKTIKA ALKESINDO;70024;ETHANOL ABS;1,00;BTL;850.000,00;0,00;0,00;0,00;850.000,00;0,00;0,00;0,00;0,00;0,00;Erni Ending;HARGA FRANGKO PT SPFI;
20534;70440020400;22-12-2025;66502;05-01-2026;IDR;PT NEW PRAKTIKA ALKESINDO;70040;NITRIC ACID 69.0-70% JT BAKER ANALYZED REAGEANT @ 2.5L;2,00;BTL;1.479.000,00;0,00;0,00;0,00;2.958.000,00;0,00;0,00;0,00;0,00;0,00;Erni Ending;HARGA FRANGKO PT SPFI;
20583;70440020449;06-01-2026;66514;06-01-2026;IDR;TOKO MUDJUR BITUNG;69092;CEMENT TONASA @ 50 KG / SACK;100,00;SACK;62.000,00;0,00;0,00;0,00;6.200.000,00;0,00;0,00;0,00;0,00;0,00;Erni Ending;REPEAT ORDER PO#66274;
20657;70440020523;20-01-2026;66607;26-01-2026;IDR;PT BINTORO MADANI SEJAHTERA;04458;PENGANGKUTAN FABA (FLY ASH BOTTOM ASH)OLEH PIHAK KETIGA;300,00;TON;500.000,00;0,00;3.000.000,00;0,00;147.000.000,00;0,00;0,00;0,00;0,00;0,00;Erni Ending;;
20692;70440020558;22-01-2026;66611;26-01-2026;IDR;TOKO CENTRAL TEKNIK BITUNG;50071;HOSE (SELANG) 3/4;50,00;MTR;25.000,00;0,00;0,00;0,00;1.250.000,00;0,00;0,00;0,00;0,00;0,00;Jeffry Lantang;FOR: WWTP (HARGA REPEAT ORDER PO: 66557);
20699;70440020565;23-01-2026;66612;26-01-2026;IDR;TOKO MUDJUR BITUNG;56003;CEMENT TONASA 50 KG/SACK;100,00;SACK;62.000,00;0,00;0,00;0,00;6.200.000,00;0,00;0,00;0,00;0,00;0,00;Erni Ending;"REPEAT ORDER PO#66434;66142";
20712;70440020578;27-01-2026;66627;27-01-2026;IDR;APOTIK GRACIA;58803;Botol Duren  250 ml  (botol);12,00;BTL;120.000,00;0,00;0,00;0,00;1.440.000,00;0,00;0,00;0,00;0,00;0,00;Erni Ending;;
20712;70440020578;27-01-2026;66627;27-01-2026;IDR;APOTIK GRACIA;58804;Botol Duren   500 ml  (botol);12,00;BTL;135.000,00;0,00;0,00;0,00;1.620.000,00;0,00;0,00;0,00;0,00;0,00;Erni Ending;;
20712;70440020578;27-01-2026;66627;27-01-2026;IDR;APOTIK GRACIA;58805;Tip Pipet 1 ml   (Pack);1,00;PACK;100.000,00;0,00;0,00;0,00;100.000,00;0,00;0,00;0,00;0,00;0,00;Erni Ending;;
20712;70440020578;27-01-2026;66627;27-01-2026;IDR;APOTIK GRACIA;58806;Rak tip pipet  (Pcs);2,00;PCS;90.000,00;0,00;0,00;0,00;180.000,00;0,00;0,00;0,00;0,00;0,00;Erni Ending;;
20712;70440020578;27-01-2026;66627;27-01-2026;IDR;APOTIK GRACIA;58808;Cotton but steril for swab      ;1,00;PACK;150.000,00;0,00;0,00;0,00;150.000,00;0,00;0,00;0,00;0,00;0,00;Erni Ending;;
20715;70440020581;27-01-2026;66635;28-01-2026;IDR;PT ASKARA TEKNO PANGAN;56710;Bio System Y15 - Reagent Histamine;375,00;PCS;48.000,00;0,00;0,00;0,00;18.000.000,00;0,00;0,00;0,00;0,00;0,00;Erni Ending;REPEAT ORDER PO#66478;
20729;70440020595;28-01-2026;66646;29-01-2026;IDR;DUNIA MEDIKA LESTARI;52001;ALKOHOL 70 % @ 1000 ML;10,00;BTL;35.100,00;0,00;0,00;0,00;351.000,00;0,00;0,00;0,00;0,00;0,00;Erni Ending;;
20717;70440020583;28-01-2026;66653;30-01-2026;IDR;PT DIPA PUSPA LABSTAINS;70015;COOKED MEAT MEDIUM CM0081B (OXOID) @ 500 GR ;1,00;BTL;8.675.000,00;1.301.250,00;0,00;0,00;7.373.750,00;0,00;0,00;0,00;0,00;0,00;Erni Ending;HARGA FRANGKO PT SPFI;
20717;70440020583;28-01-2026;66653;30-01-2026;IDR;PT DIPA PUSPA LABSTAINS;70076;DEXTROSE TRYPTONE BROTH CM0073B (OXOID) @ 500 GR;1,00;BTL;4.679.000,00;701.850,00;0,00;0,00;3.977.150,00;0,00;0,00;0,00;0,00;0,00;Erni Ending;HARGA FRANGKO PT SPFI;
20717;70440020583;28-01-2026;66653;30-01-2026;IDR;PT DIPA PUSPA LABSTAINS;70041;NUTRIENT AGAR OXOID CM0003B @ 500GR;1,00;BTL;1.953.000,00;292.950,00;0,00;0,00;1.660.050,00;0,00;0,00;0,00;0,00;0,00;Erni Ending;HARGA FRANGKO PT SPFI;
20703;70440020569;26-01-2026;66664;02-02-2026;IDR;TOKO MUDJUR BITUNG;99926;GEMBOK TOP SECURITY SOLID 70mm;3,00;PC;115.000,00;0,00;0,00;0,00;345.000,00;0,00;0,00;0,00;0,00;0,00;Erni Ending;;
20751;70440020617;02-02-2026;66685;05-02-2026;IDR;JESSICA LINGKAN SITUNI;10015;ONION/BAWANG MERAH;48,20;KGS;40.000,00;0,00;0,00;0,00;1.928.000,00;0,00;0,00;0,00;0,00;0,00;Erni Ending;FOR TSG 200CS;
20751;70440020617;02-02-2026;66685;05-02-2026;IDR;JESSICA LINGKAN SITUNI;10014;GARLIC/BAWANG PUTIH;26,80;KGS;40.000,00;0,00;0,00;0,00;1.072.000,00;0,00;0,00;0,00;0,00;0,00;Erni Ending;FOR TSG 200CS;
20751;70440020617;02-02-2026;66685;05-02-2026;IDR;JESSICA LINGKAN SITUNI;10016;GINGER/JAHE;13,40;KGS;29.000,00;0,00;0,00;0,00;388.600,00;0,00;0,00;0,00;0,00;0,00;Erni Ending;FOR TSG 200CS;
20751;70440020617;02-02-2026;66685;05-02-2026;IDR;JESSICA LINGKAN SITUNI;10037;CABE RAWIT;10,70;KG;57.000,00;0,00;0,00;0,00;609.900,00;0,00;0,00;0,00;0,00;0,00;Erni Ending;FOR TSG 200CS;
20751;70440020617;02-02-2026;66685;05-02-2026;IDR;JESSICA LINGKAN SITUNI;10018;CANDLENUT/KEMIRI;26,80;KGS;46.000,00;0,00;0,00;0,00;1.232.800,00;0,00;0,00;0,00;0,00;0,00;Erni Ending;FOR TSG 200CS;
20751;70440020617;02-02-2026;66685;05-02-2026;IDR;JESSICA LINGKAN SITUNI;10066;SUGAR WHITE;9,00;KGS;18.500,00;0,00;0,00;0,00;166.500,00;0,00;0,00;0,00;0,00;0,00;Erni Ending;FOR TSG 200CS;
20751;70440020617;02-02-2026;66685;05-02-2026;IDR;JESSICA LINGKAN SITUNI;10024;RED CHILI - BIG SIZE;117,90;KGS;20.000,00;0,00;0,00;0,00;2.358.000,00;0,00;0,00;0,00;0,00;0,00;Erni Ending;FOR TSG 200CS;
20790;70440020656;09-02-2026;66712;11-02-2026;IDR;APOTIK GRACIA;93678;ALCOHOL 70 % @ 5LTR/GALLON ;4,00;GLN;200.000,00;0,00;0,00;0,00;800.000,00;0,00;0,00;0,00;0,00;0,00;Erni Ending;;
T O T A L;;;;;;;;;;;;;;;0,00;0,00;0,00;0,00;0,00;0,00;;;
Department: [7046] Engineering;;;;;;;;;;;;;;;;;;;;;;;
20529;70460020395;22-12-2025;66499;05-01-2026;IDR;TK KARYA SAMUDRA;52849;Perforated Plate stainless 304, Hole diameter 2.5 mm, thickness 1,5 mm;1,00;SHEET;1.850.000,00;0,00;0,00;0,00;1.850.000,00;0,00;0,00;0,00;0,00;0,00;Jeffry Lantang;FOR: FILTER NYLON PLACE PACK SHAPER PACKING;
20564;70460020430;31-12-2025;66500;05-01-2026;IDR;CV. MITRA GAS SERVICE;60103;OXYGEN REFILLING;2,00;TBG;130.000,00;0,00;0,00;0,00;260.000,00;0,00;0,00;0,00;0,00;0,00;Jeffry Lantang;FOR: AKTIVITAS ENGINEERING WS;
20564;70460020430;31-12-2025;66500;05-01-2026;IDR;CV. MITRA GAS SERVICE;61771;ACETYLENE REFILL @ 200 PSI;2,00;BTL;900.000,00;0,00;0,00;0,00;1.800.000,00;0,00;0,00;0,00;0,00;0,00;Jeffry Lantang;FOR: AKTIVITAS ENGINEERING WS;
20557;70460020423;29-12-2025;66507;05-01-2026;IDR;TOKO MUDJUR BITUNG;53978;UNP Bar (BI) 3 cm x 5 cm x 6 mtr ;6,00;LGTS;275.000,00;0,00;0,00;0,00;1.650.000,00;0,00;0,00;0,00;0,00;0,00;Jeffry Lantang;FOR: REL BASKET ROTORT AREA;
20568;70460020434;05-01-2026;66509;05-01-2026;IDR;TRITUNGGAL SKF;60587;Van Belt  C 144 BANDO;8,00;PCS;265.000,00;0,00;0,00;0,00;2.120.000,00;0,00;0,00;0,00;0,00;0,00;Jeffry Lantang;FOR: MESIN COMPRESSOR HASEGAWA BRINE;
20566;70460020432;05-01-2026;66516;06-01-2026;IDR;MR DIY;52977;KACA MATA PELINDUNG MATA;15,00;PCS;14.400,00;0,00;0,00;0,00;216.000,00;0,00;0,00;0,00;0,00;0,00;Jeffry Lantang;FOR: ENGINEERING ACTIVITIES;
20228;70460020096;23-10-2025;66518;06-01-2026;USD;SEAL PRECISION CO., LTD.;61806;SEAMING ROLL 1ST R1-06;8,00;PCS;48,00;0,00;0,00;0,00;0,00;0,00;0,00;0,00;384,00;0,00;Jeffry Lantang;indent 4 weeks;
20228;70460020096;23-10-2025;66518;06-01-2026;USD;SEAL PRECISION CO., LTD.;60539;SEAMING ROLL 2ND R2-S9;8,00;PCS;48,00;0,00;0,00;0,00;0,00;0,00;0,00;0,00;384,00;0,00;Jeffry Lantang;indent 4 weeks;
20493;70460020361;15-12-2025;66527;09-01-2026;IDR;TK KARYA SAMUDRA;53958;SS PLATE 1MM 120 X 240MM;2,00;SHEET;1.850.000,00;0,00;0,00;0,00;3.700.000,00;0,00;0,00;0,00;0,00;0,00;Jeffry Lantang;FOR: PINTU MASUK PRODUKSI;
20559;70460020425;30-12-2025;66536;09-01-2026;IDR;PLAZA BANGUNAN;67962;Cordless Hand Drill BOSCH ;2,00;PC;2.205.000,00;0,00;0,00;0,00;4.410.000,00;0,00;0,00;0,00;0,00;0,00;Jeffry Lantang;FOR: CIVIL & ELECTRICIAN CREW;
20572;70460020438;05-01-2026;66539;09-01-2026;IDR;PT MAYEKAWA INDONESIA;60849;SELENOID DANFOSS TYPE BE 230LS PN. 018F6183 ;3,00;PCS;649.350,00;0,00;0,00;214.285,50;2.162.335,50;0,00;0,00;0,00;0,00;0,00;Jeffry Lantang;READY STOCK;
20624;70460020490;12-01-2026;66551;13-01-2026;IDR;CV. MITRA GAS SERVICE;60103;OXYGEN REFILLING;2,00;TBG;130.000,00;0,00;0,00;0,00;260.000,00;0,00;0,00;0,00;0,00;0,00;Jeffry Lantang;HARGA REPEAT ORDER PO: 66500 (FOR ENGINEERING AKTIVITAS);
20624;70460020490;12-01-2026;66551;13-01-2026;IDR;CV. MITRA GAS SERVICE;61771;ACETYLENE REFILL @ 200 PSI;1,00;BTL;900.000,00;0,00;0,00;0,00;900.000,00;0,00;0,00;0,00;0,00;0,00;Jeffry Lantang;HARGA REPEAT ORDER PO: 66500 (FOR ENGINEERING AKTIVITAS);
20598;70460020464;07-01-2026;66552;13-01-2026;IDR;TOKO MUDJUR BITUNG;61099;BRONZE TIGER 4 INCH;50,00;CM;196.100,00;0,00;0,00;0,00;9.805.000,00;0,00;0,00;0,00;0,00;0,00;Jeffry Lantang;FOR: RENDERING;
20632;70460020498;12-01-2026;66554;13-01-2026;IDR;TOKO MUDJUR BITUNG;50130;MASKING TAPE;25,00;ROLL;25.000,00;0,00;0,00;0,00;625.000,00;0,00;0,00;0,00;0,00;0,00;Erni Ending;;
20632;70460020498;12-01-2026;66554;13-01-2026;IDR;TOKO MUDJUR BITUNG;51285;CAT PYLOX WARNA PUTIH;10,00;TIN;35.000,00;0,00;0,00;0,00;350.000,00;0,00;0,00;0,00;0,00;0,00;Erni Ending;;
20484;70460020352;11-12-2025;66563;14-01-2026;IDR;PT WIJAYA KOMBOS INDAH;63991;GI PIPE  UK.2 INCHI  SCH 40 (ISTW);12,00;LE;640.540,54;0,00;0,00;845.513,51;8.531.999,99;0,00;0,00;0,00;0,00;0,00;Jeffry Lantang;FOR: INSTALASI AIR DI SORTIR AREA;
20484;70460020352;11-12-2025;66563;14-01-2026;IDR;PT WIJAYA KOMBOS INDAH;65223;GI PIPE UK.3/4 INCH SCH 40 (ISTW);4,00;LE;184.684,68;0,00;0,00;81.261,26;819.999,98;0,00;0,00;0,00;0,00;0,00;Jeffry Lantang;FOR: INSTALASI AIR DI SORTIR AREA;
20484;70460020352;11-12-2025;66563;14-01-2026;IDR;PT WIJAYA KOMBOS INDAH;64122;ELBOW GI 2  DRAT SCH 40;8,00;PCS;39.639,63;0,00;0,00;34.882,87;351.999,91;0,00;0,00;0,00;0,00;0,00;Jeffry Lantang;FOR: INSTALASI AIR DI SORTIR AREA;
20484;70460020352;11-12-2025;66563;14-01-2026;IDR;PT WIJAYA KOMBOS INDAH;63542;GI ELBOW ( DRAT ) 3/4;8,00;PCS;8.108,10;0,00;0,00;7.135,13;71.999,93;0,00;0,00;0,00;0,00;0,00;Jeffry Lantang;FOR: INSTALASI AIR DI SORTIR AREA;
20484;70460020352;11-12-2025;66563;14-01-2026;IDR;PT WIJAYA KOMBOS INDAH;56283;GI OVERSHOCK (DRAT) 2 inch X 3/4 inch;1,00;PCS;28.378,73;0,00;0,00;3.121,66;31.500,39;0,00;0,00;0,00;0,00;0,00;Jeffry Lantang;FOR: INSTALASI AIR DI SORTIR AREA;
20484;70460020352;11-12-2025;66563;14-01-2026;IDR;PT WIJAYA KOMBOS INDAH;56284;GI TEE (DRAT) 3/4 inch;4,00;PCS;10.585,58;0,00;0,00;4.657,66;46.999,98;0,00;0,00;0,00;0,00;0,00;Jeffry Lantang;FOR: INSTALASI AIR DI SORTIR AREA;
20528;70460020394;22-12-2025;66564;14-01-2026;IDR;CV RUMINDO CITRA PERKASA;60136;SIKAFLOOR 21 PURCEM LP (PART A=3KG, B=3KG, C= 14KG) KREM;5,00;SET;1.450.000,00;0,00;0,00;797.500,00;8.047.500,00;0,00;0,00;0,00;0,00;0,00;Erni Ending;REPEAT ORDER PO#65766;
20528;70460020394;22-12-2025;66564;14-01-2026;IDR;CV RUMINDO CITRA PERKASA;56109;SIKAFLOOR 21 PURCEM LP (PART A=3KG, B=3KG, C= 14KG) GREY;5,00;BAGS;1.450.000,00;0,00;0,00;797.500,00;8.047.500,00;0,00;0,00;0,00;0,00;0,00;Erni Ending;REPEAT ORDER PO#65766;
20633;70460020499;12-01-2026;66565;15-01-2026;IDR;TOKO MUDJUR BITUNG;61085;BOLT & NUT SS 12MM X 2;16,00;PCS;18.750,00;0,00;0,00;0,00;300.000,00;0,00;0,00;0,00;0,00;0,00;Jeffry Lantang;"FOR; AGITATOR PUMP BRINE";
20602;70460020468;09-01-2026;66570;15-01-2026;IDR;Toko Sinar Abadi Bitung;60122;"ALARM V=220V; 50HZ";2,00;PCS;150.000,00;0,00;0,00;0,00;300.000,00;0,00;0,00;0,00;0,00;0,00;Jeffry Lantang;FOR: ENGINEERING BOILER;
20661;70460020527;20-01-2026;66576;20-01-2026;IDR;AZKO;56837;Dispenser sabun cair tempel dinding Automatic;4,00;PCS;743.665,00;0,00;0,00;0,00;2.974.660,00;0,00;0,00;0,00;0,00;0,00;Erni Ending;;
20654;70460020520;19-01-2026;66577;20-01-2026;IDR;PLAZA BANGUNAN;60596;PEST SPRAYER ELEKTRIC TYPE RECHARGEABLE + CHARGER;1,00;SET;511.900,00;0,00;0,00;0,00;511.900,00;0,00;0,00;0,00;0,00;0,00;Erni Ending;;
20659;70460020525;20-01-2026;66581;21-01-2026;IDR;TOKO MUDJUR BITUNG;60014;PIPA PVC 4 INCHI WAVIN;13,00;LGTS;350.000,00;0,00;0,00;0,00;4.550.000,00;0,00;0,00;0,00;0,00;0,00;Erni Ending;;
20673;70460020539;21-01-2026;66597;23-01-2026;IDR;TOKO MUDJUR BITUNG;54100;NIPPON PLATON PRIMER @ 5 KG/TINS;2,00;TINS;325.000,00;0,00;0,00;0,00;650.000,00;0,00;0,00;0,00;0,00;0,00;Erni Ending;;
20673;70460020539;21-01-2026;66597;23-01-2026;IDR;TOKO MUDJUR BITUNG;56389;THINNER COBRA HITAM @4 LTR/TIN;1,00;TIN;200.000,00;0,00;0,00;0,00;200.000,00;0,00;0,00;0,00;0,00;0,00;Erni Ending;;
20673;70460020539;21-01-2026;66597;23-01-2026;IDR;TOKO MUDJUR BITUNG;55334;Dumpul Autolux @ 1 Kg;5,00;KG;65.000,00;0,00;0,00;0,00;325.000,00;0,00;0,00;0,00;0,00;0,00;Erni Ending;;
20673;70460020539;21-01-2026;66597;23-01-2026;IDR;TOKO MUDJUR BITUNG;62791;SAND PAPER NO 100;20,00;SHEET;5.000,00;0,00;0,00;0,00;100.000,00;0,00;0,00;0,00;0,00;0,00;Erni Ending;;
20560;70460020426;30-12-2025;66605;26-01-2026;IDR;CV. MITRA GAS SERVICE;67543;Freon R-404a @ 13 Kgs;2,00;TBNG;1.600.000,00;0,00;0,00;0,00;3.200.000,00;0,00;0,00;0,00;0,00;0,00;Jeffry Lantang;"FOR; LOINING AIR COND (HARGA REPEAT ORDER PO: 65999)";
20690;70460020556;22-01-2026;66606;26-01-2026;IDR;CV. MITRA GAS SERVICE;60103;OXYGEN REFILLING;2,00;TBG;130.000,00;0,00;0,00;0,00;260.000,00;0,00;0,00;0,00;0,00;0,00;Jeffry Lantang;HARGA REPEAT ORDER PO: 66551;
20690;70460020556;22-01-2026;66606;26-01-2026;IDR;CV. MITRA GAS SERVICE;61771;ACETYLENE REFILL @ 200 PSI;1,00;BTL;900.000,00;0,00;0,00;0,00;900.000,00;0,00;0,00;0,00;0,00;0,00;Jeffry Lantang;HARGA REPEAT ORDER PO: 66551;
20658;70460020524;20-01-2026;66608;26-01-2026;IDR;CV ELCOVENANT;62442;AMONIAK NH3 @ 50 KG;10,00;TBG;2.475.000,00;0,00;0,00;0,00;24.750.000,00;0,00;0,00;0,00;0,00;0,00;Jeffry Lantang;FOR: BRINE (HARGA REPEAT ORDER PO: 65701);
20695;70460020561;23-01-2026;66609;26-01-2026;IDR;TK.KARYA BANGUNAN;56931;HOSE HIGH PRESSURE 5 PLY WITH NEEPLE [ SAMPLE ] FOR KARCHER PANJANG 12 MTRS;1,00;SET;3.600.000,00;0,00;0,00;0,00;3.600.000,00;0,00;0,00;0,00;0,00;0,00;Jeffry Lantang;"CONFIRMATORY; FOR: KARCHER PUMP RECEIVING";
20600;70460020466;07-01-2026;66610;26-01-2026;IDR;ROBERTHO RANTUNG;60687;RUBBER BOLT COUPLING SPEC. DIA LUAR BOLT 16MM, DIA LUAR RUBBER 40 MM ;16,00;PCS;45.000,00;0,00;0,00;0,00;720.000,00;0,00;0,00;0,00;0,00;0,00;Jeffry Lantang;FOR: POMPA COOLING BRINE (HARGA REPEAT ORDER PO: 65360);
20694;70460020560;23-01-2026;66613;26-01-2026;IDR;MEITHA INNEKE LIMBATH;50125;INDUSTRIAL SALT @50 KGS/BAG;150,00;BAGS;183.000,00;0,00;0,00;0,00;27.450.000,00;0,00;0,00;0,00;0,00;0,00;Erni Ending;REPEAT ORDER PO#66481;
20688;70460020554;22-01-2026;66619;26-01-2026;IDR;ATLAS COPCO INDONESIA PT.;60613;KIT MK5S LPWA WITH ANTENA ;1,00;PCS;36.323.250,00;0,00;0,00;0,00;36.323.250,00;0,00;0,00;0,00;0,00;0,00;Jeffry Lantang;FOR: COMPRESSOR ATC GA30 (HARGA FRANKO BITUNG) READY STOCK JAKARTA, PO INI MENGGUNAKAN FASILITAS KAWASAN BERIKAT;
20700;70460020566;26-01-2026;66623;27-01-2026;IDR;TOKO MUDJUR BITUNG;69092;CEMENT TONASA @ 50 KG / SACK;10,00;SACK;62.000,00;0,00;0,00;0,00;620.000,00;0,00;0,00;0,00;0,00;0,00;Erni Ending;;
20465;70460020333;05-12-2025;66628;28-01-2026;IDR;PD. MAJU BAN;61306;TYRE & TUBE 28  X 9 - 15  14PR BRIDGESTONE;4,00;SET;2.385.000,00;0,00;0,00;0,00;9.540.000,00;0,00;0,00;0,00;0,00;0,00;Jeffry Lantang;;
20465;70460020333;05-12-2025;66628;28-01-2026;IDR;PD. MAJU BAN;61412;TYRE & TUBE 650 - 10 X 10 PR JLUG BRIDGESTONE;4,00;SET;955.000,00;0,00;0,00;0,00;3.820.000,00;0,00;0,00;0,00;0,00;0,00;Jeffry Lantang;;
20450;70460020318;03-12-2025;66630;28-01-2026;IDR;ATLAS COPCO INDONESIA PT.;61464;AIR COMPRESSOR ATLAS COPCO TYPE GA30 10 BAR, SPEC 50HZ, 380V, 30KW S/N AII 325039;1,00;UNIT;225.000.000,00;0,00;0,00;0,00;225.000.000,00;0,00;0,00;0,00;0,00;0,00;Jeffry Lantang;FRANKO BITUNG INDENT 8 - 12 WEEKS (PO INI MENGGUNAKAN FASILITAS KAWASAN BERIKAT);
20517;70460020383;17-12-2025;66633;28-01-2026;IDR;TOKO CENTRAL TEKNIK BITUNG;54697;NS STAINCLEAN, Brand NIKKO STEEL ;8,00;KGS;215.000,00;0,00;0,00;0,00;1.720.000,00;0,00;0,00;0,00;0,00;0,00;Erni Ending;;
20629;70460020495;12-01-2026;66644;29-01-2026;IDR;ROBERTHO RANTUNG;51482;LOINING KNIFE SS;250,00;PCS;18.000,00;0,00;0,00;0,00;4.500.000,00;0,00;0,00;0,00;0,00;0,00;Erni Ending;BAHAN,MODEL DAN UKURAN SESUAI DENGAN CONTOH;
20733;70460020599;29-01-2026;66647;29-01-2026;IDR;AZKO;56837;Dispenser sabun cair tempel dinding Automatic;2,00;PCS;650.165,00;0,00;0,00;0,00;1.300.330,00;0,00;0,00;0,00;0,00;0,00;Erni Ending;;
20726;70460020592;28-01-2026;66650;29-01-2026;IDR;TOKO MUDJUR BITUNG;58420;TEE PVC 1 inch;1,00;PCS;20.000,00;0,00;0,00;0,00;20.000,00;0,00;0,00;0,00;0,00;0,00;Jeffry Lantang;FOR: WATERFALL RECEIVING;
20726;70460020592;28-01-2026;66650;29-01-2026;IDR;TOKO MUDJUR BITUNG;58421;SHOC DRAT LUAR PVC 1 inch;1,00;PCS;20.000,00;0,00;0,00;0,00;20.000,00;0,00;0,00;0,00;0,00;0,00;Jeffry Lantang;FOR: WATERFALL RECEIVING;
20726;70460020592;28-01-2026;66650;29-01-2026;IDR;TOKO MUDJUR BITUNG;58422;SHOCK DRAT LUAR PVC 2 inci    ;1,00;PCS;30.000,00;0,00;0,00;0,00;30.000,00;0,00;0,00;0,00;0,00;0,00;Jeffry Lantang;FOR: WATERFALL RECEIVING;
20726;70460020592;28-01-2026;66650;29-01-2026;IDR;TOKO MUDJUR BITUNG;58423;SHOCK DOUBLE DRAT LUAR PVC 1 inci;1,00;PCS;15.000,00;0,00;0,00;0,00;15.000,00;0,00;0,00;0,00;0,00;0,00;Jeffry Lantang;FOR: WATERFALL RECEIVING;
20726;70460020592;28-01-2026;66650;29-01-2026;IDR;TOKO MUDJUR BITUNG;58425;SHOCK PVC 1 inci OVER 2 inci ;1,00;PCS;30.000,00;0,00;0,00;0,00;30.000,00;0,00;0,00;0,00;0,00;0,00;Jeffry Lantang;FOR: WATERFALL RECEIVING;
20726;70460020592;28-01-2026;66650;29-01-2026;IDR;TOKO MUDJUR BITUNG;58426;MATA BOR SS 3mm;1,00;PCS;30.000,00;0,00;0,00;0,00;30.000,00;0,00;0,00;0,00;0,00;0,00;Jeffry Lantang;FOR: WATERFALL RECEIVING;
20726;70460020592;28-01-2026;66650;29-01-2026;IDR;TOKO MUDJUR BITUNG;62861;ELBOW PVC 1;6,00;PCS;15.000,00;0,00;0,00;0,00;90.000,00;0,00;0,00;0,00;0,00;0,00;Jeffry Lantang;FOR: WATERFALL RECEIVING;
20726;70460020592;28-01-2026;66650;29-01-2026;IDR;TOKO MUDJUR BITUNG;58380;PIPE PVC 1 INCH AW WAVIN;1,00;LGTS;75.000,00;0,00;0,00;0,00;75.000,00;0,00;0,00;0,00;0,00;0,00;Jeffry Lantang;FOR: WATERFALL RECEIVING;
20726;70460020592;28-01-2026;66650;29-01-2026;IDR;TOKO MUDJUR BITUNG;51340;PIPE PVC AW 2 INCH , WAVIN;1,00;LGTS;160.000,00;0,00;0,00;0,00;160.000,00;0,00;0,00;0,00;0,00;0,00;Jeffry Lantang;FOR: WATERFALL RECEIVING;
20726;70460020592;28-01-2026;66650;29-01-2026;IDR;TOKO MUDJUR BITUNG;63006;Lem Pipa Superglue G;1,00;TUBE;50.000,00;0,00;0,00;0,00;50.000,00;0,00;0,00;0,00;0,00;0,00;Jeffry Lantang;FOR: WATERFALL RECEIVING;
20726;70460020592;28-01-2026;66650;29-01-2026;IDR;TOKO MUDJUR BITUNG;69335;Drill bit 2 mm for wood;1,00;PCS;25.000,00;0,00;0,00;0,00;25.000,00;0,00;0,00;0,00;0,00;0,00;Jeffry Lantang;FOR: WATERFALL RECEIVING;
20714;70460020580;27-01-2026;66656;30-01-2026;IDR;TK KARYA SAMUDRA;58118;S/S PLATE 304 X 1200MM X 2400MM X 8MM THICKNES;1,00;SHEET;9.700.000,00;0,00;0,00;0,00;9.700.000,00;0,00;0,00;0,00;0,00;0,00;Jeffry Lantang;HARGA FRANKO BITUNG;
20656;70460020522;19-01-2026;66656;30-01-2026;IDR;TK KARYA SAMUDRA;57342;S/S ELBOW DRAT 1 INCH SCHEDULE 40;4,00;PC;110.000,00;0,00;0,00;0,00;440.000,00;0,00;0,00;0,00;0,00;0,00;Jeffry Lantang;HARGA FRANKO BITUNG;
20656;70460020522;19-01-2026;66656;30-01-2026;IDR;TK KARYA SAMUDRA;57745;S/S PIPE 1 INC SCHEDULE 40;1,00;LGTS;1.150.000,00;0,00;0,00;0,00;1.150.000,00;0,00;0,00;0,00;0,00;0,00;Jeffry Lantang;HARGA FRANKO BITUNG;
20738;70460020604;30-01-2026;66656;30-01-2026;IDR;TK KARYA SAMUDRA;58397;SS ROUND BAR 6MM;6,00;LGTS;110.000,00;0,00;0,00;0,00;660.000,00;0,00;0,00;0,00;0,00;0,00;Jeffry Lantang;HARGA FRANKO BITUNG;
20423;70460020291;28-11-2025;66657;30-01-2026;IDR;PT MANDIRI RIKSA UJI;02430;SLC for Penerbitan Sertifikat Ijin Operasi Forklift from Depnaker ;9,00;UNIT;2.500.000,00;2.250.000,00;405.000,00;2.227.500,00;22.072.500,00;0,00;0,00;0,00;0,00;0,00;Jeffry Lantang;HARGA REPEAT ORDER PO: 64975);
20613;70460020479;09-01-2026;66659;02-02-2026;IDR;TOKO CENTRAL TEKNIK BITUNG;65455;MASKER LAS (HAND TYPE);3,00;PCS;25.000,00;0,00;0,00;0,00;75.000,00;0,00;0,00;0,00;0,00;0,00;Jeffry Lantang;;
20613;70460020479;09-01-2026;66659;02-02-2026;IDR;TOKO CENTRAL TEKNIK BITUNG;57411;Masker las listrik [ tipe topeng ];3,00;PCS;245.000,00;0,00;0,00;0,00;735.000,00;0,00;0,00;0,00;0,00;0,00;Jeffry Lantang;;
20720;70460020586;28-01-2026;66659;02-02-2026;IDR;TOKO CENTRAL TEKNIK BITUNG;64481;SELANG BENANG  1   ;20,00;MTR;34.000,00;0,00;0,00;0,00;680.000,00;0,00;0,00;0,00;0,00;0,00;Jeffry Lantang;;
20720;70460020586;28-01-2026;66659;02-02-2026;IDR;TOKO CENTRAL TEKNIK BITUNG;60359;CLAMP HOSE S/S  1/2;16,00;PCS;3.000,00;0,00;0,00;0,00;48.000,00;0,00;0,00;0,00;0,00;0,00;Jeffry Lantang;;
20182;70460020050;16-10-2025;66663;02-02-2026;IDR;PT POLARIN XININDO;50172;Refrigeration Lubricant Brand Emkarate Rl-32H @ 5 Liter;6,00;PAIL;1.570.000,00;0,00;0,00;1.036.200,00;10.456.200,00;0,00;0,00;0,00;0,00;0,00;Jeffry Lantang;FRANKO JAKARTA (FOR: AC LOINING & CPF);
20719;70460020585;28-01-2026;66664;02-02-2026;IDR;TOKO MUDJUR BITUNG;59636;NIPPON PLATON SILVER @3.7 KG;1,00;TIN;280.000,00;0,00;0,00;0,00;280.000,00;0,00;0,00;0,00;0,00;0,00;Erni Ending;;
20719;70460020585;28-01-2026;66664;02-02-2026;IDR;TOKO MUDJUR BITUNG;52677;KUAS TANGAN 2 INC;2,00;PC;15.000,00;0,00;0,00;0,00;30.000,00;0,00;0,00;0,00;0,00;0,00;Erni Ending;;
20672;70460020538;21-01-2026;66667;03-02-2026;IDR;PT.ARITA PRIMA INDONESIA;67830;FLANGE COUPLING 4 INCH COMPLETE WITH RUBBER BOLT COUPLING CBK;1,00;PCS;1.540.300,00;0,00;0,00;0,00;1.540.300,00;0,00;0,00;0,00;0,00;0,00;Jeffry Lantang;PO INI MENGGUNAKAN FASILATAS KAWASAN BERIKAT;
20662;70460020528;20-01-2026;66668;03-02-2026;IDR;TK KARYA SAMUDRA;54229;ROUND BAR SS 10 MM;18,00;LGTS;230.000,00;0,00;0,00;0,00;4.140.000,00;0,00;0,00;0,00;0,00;0,00;Jeffry Lantang;FOR: MODIFIKASI KERETA HAVESTER UNTUK BAKI KECIL;
20752;70460020618;02-02-2026;66672;03-02-2026;IDR;TOKO CENTRAL TEKNIK BITUNG;62454;SHOVEL / SKOP;2,00;PCS;100.000,00;0,00;0,00;0,00;200.000,00;0,00;0,00;0,00;0,00;0,00;Jeffry Lantang;;
20745;70460020611;02-02-2026;66672;03-02-2026;IDR;TOKO CENTRAL TEKNIK BITUNG;54153;PACKING KARET TEBAL 5MM;1,00;SHEET;185.000,00;0,00;0,00;0,00;185.000,00;0,00;0,00;0,00;0,00;0,00;Jeffry Lantang;;
20753;70460020619;02-02-2026;66674;03-02-2026;IDR;TRITUNGGAL SKF;60586;BEARING 6004 RS;2,00;PCS;60.000,00;0,00;0,00;0,00;120.000,00;0,00;0,00;0,00;0,00;0,00;Jeffry Lantang;FOR MOTOR COMPRESOR G30 ATC;
20700;70460020566;26-01-2026;66675;03-02-2026;IDR;TK.KARYA BANGUNAN;51330;PASIR PLESTER [SAND];1,00;TRUCK;550.000,00;0,00;0,00;0,00;550.000,00;0,00;0,00;0,00;0,00;0,00;Erni Ending;FOR JALAN SETAPAK DEPAN PAGAR SPFI;
20764;70460020630;04-02-2026;66686;05-02-2026;IDR;PT. OSMO MARINA MANDIRI;69578;Ebara Pump (complete with electromotor) type 65-50 FSH ;1,00;UNIT;18.300.000,00;0,00;0,00;2.013.000,00;20.313.000,00;0,00;0,00;0,00;0,00;0,00;Jeffry Lantang;HARGA FRANKO PT SARI JASA TRANSUTAMA (FOR: RECEIVING AREA);
20551;70460020417;24-12-2025;66687;05-02-2026;IDR;TANINDO LESTARI TANTO SE;60589;THERMOMETER GAUGE S/S DIA 5 INCH RANGE -30 C s/d  +30 C (BACK CONNECTOR PANJANG SENSOR 5 MTR) ;3,00;PCS;3.200.000,00;0,00;0,00;0,00;9.600.000,00;0,00;0,00;0,00;0,00;0,00;Jeffry Lantang;FOR: BRINE FREEZER;
20741;70460020607;30-01-2026;66689;06-02-2026;IDR;TOKO MUDJUR BITUNG;65226;CUTTING WHEEL FOR TILES Ø 4;1,00;PCS;110.000,00;0,00;0,00;0,00;110.000,00;0,00;0,00;0,00;0,00;0,00;Jeffry Lantang;HARGA REPEAT ORDER Po: 66122 ITEM CODE : 65010;
20763;70460020629;04-02-2026;66691;06-02-2026;IDR;PT LEMBA ENERGY SEMESTA;80012;USED OIL;80.000,00;LITERS;4.000,00;0,00;0,00;0,00;320.000.000,00;0,00;0,00;0,00;0,00;0,00;Jeffry Lantang;HARGA REPEAT ORDER PO: 66329;
20754;70460020620;03-02-2026;66692;06-02-2026;IDR;PT MANDIRI RIKSA UJI;02431;SLC For Penerbitan Sertifikat Ijin Operasi Air Compressor from Depnaker ;3,00;UNIT;3.000.000,00;900.000,00;162.000,00;891.000,00;8.829.000,00;0,00;0,00;0,00;0,00;0,00;Jeffry Lantang;HARGA REPEAT ORDER PO: 64975;
20774;70460020640;05-02-2026;66693;06-02-2026;IDR;TOKO CENTRAL TEKNIK BITUNG;62012;CUTTING WHEEL 4 INCH FOR STAINLESS STEEL;200,00;PCS;7.500,00;0,00;0,00;0,00;1.500.000,00;0,00;0,00;0,00;0,00;0,00;Jeffry Lantang;HARGA REPEAT ORDER PO: 66475;
20493;70460020361;15-12-2025;66694;06-02-2026;IDR;TOKO CENTRAL TEKNIK BITUNG;69017;DOOR CLOSER TYPE DORMA @ FOR 45KG TO 65KG;2,00;SETS;185.000,00;0,00;0,00;0,00;370.000,00;0,00;0,00;0,00;0,00;0,00;Jeffry Lantang;FOR: PINTU PRODUKSI;
20493;70460020361;15-12-2025;66694;06-02-2026;IDR;TOKO CENTRAL TEKNIK BITUNG;59637;DOOR HINGE S/S 4 INCH;8,00;PCS;65.000,00;0,00;0,00;0,00;520.000,00;0,00;0,00;0,00;0,00;0,00;Jeffry Lantang;FOR: PINTU PRODUKSI;
20493;70460020361;15-12-2025;66696;06-02-2026;IDR;TOKO CENTRAL TEKNIK BITUNG;68998;WELDING ROD SS 2.0MM NIKKO STEEL;5,00;KG;185.000,00;0,00;0,00;0,00;925.000,00;0,00;0,00;0,00;0,00;0,00;Jeffry Lantang;"CONFIRMATORY; FOR: PINTU UTAMA MASUK PRODUKSI";
20730;70460020596;29-01-2026;66699;09-02-2026;IDR;PT BERCA MANDIRI PERKASA;63549;CLUTCH DISK ASSY PN. 91A2100401;1,00;PCS;6.662.000,00;1.332.400,00;0,00;586.256,00;5.915.856,00;0,00;0,00;0,00;0,00;0,00;Jeffry Lantang;;
20730;70460020596;29-01-2026;66699;09-02-2026;IDR;PT BERCA MANDIRI PERKASA;62371;COVER CLUTCH PN. 91A2100020 ;1,00;PCS;9.362.000,00;1.872.400,00;0,00;823.856,00;8.313.456,00;0,00;0,00;0,00;0,00;0,00;Jeffry Lantang;;
20730;70460020596;29-01-2026;66699;09-02-2026;IDR;PT BERCA MANDIRI PERKASA;63550;BEARING CLUTCH REL PN. 91B2403100;1,00;PCS;2.660.000,00;532.000,00;0,00;234.080,00;2.362.080,00;0,00;0,00;0,00;0,00;0,00;Jeffry Lantang;;
T O T A L;;;;;;;;;;;;;;;0,00;0,00;0,00;0,00;0,00;0,00;;;
Department: [7048] Human Resources Development;;;;;;;;;;;;;;;;;;;;;;;
20615;70460020481;09-01-2026;66544;12-01-2026;IDR;ANEKA BERKAT;60159;TASO 75 X 35 X 0,75MM BAJA RINGAN;16,00;LE;128.000,00;0,00;0,00;0,00;2.048.000,00;0,00;0,00;0,00;0,00;0,00;Erni Ending;MATERIAL FOR SAMBUNGAN ATAP PARKIRAN ALPHARD;
20615;70460020481;09-01-2026;66544;12-01-2026;IDR;ANEKA BERKAT;60160;TASO TR 32 X 45 X 6 MTR BAJA RINGAN;10,00;LE;60.000,00;0,00;0,00;0,00;600.000,00;0,00;0,00;0,00;0,00;0,00;Erni Ending;MATERIAL FOR SAMBUNGAN ATAP PARKIRAN ALPHARD;
20615;70460020481;09-01-2026;66544;12-01-2026;IDR;ANEKA BERKAT;51339;PIPE PVC 3 AW, WAVIN;2,00;LGTS;219.000,00;0,00;0,00;0,00;438.000,00;0,00;0,00;0,00;0,00;0,00;Erni Ending;MATERIAL FOR SAMBUNGAN ATAP PARKIRAN ALPHARD;
20615;70460020481;09-01-2026;66544;12-01-2026;IDR;ANEKA BERKAT;62011;ELBOW PVC 3  WAVIN;2,00;PCS;49.500,00;0,00;0,00;0,00;99.000,00;0,00;0,00;0,00;0,00;0,00;Erni Ending;MATERIAL FOR SAMBUNGAN ATAP PARKIRAN ALPHARD;
20615;70460020481;09-01-2026;66545;12-01-2026;IDR;TOKO MUDJUR BITUNG;60541;ROOFING SCREW 5MM X 2 @ `100PCS/ BOX;1,00;BOX;165.000,00;0,00;0,00;0,00;165.000,00;0,00;0,00;0,00;0,00;0,00;Erni Ending;;
20616;70460020482;09-01-2026;66545;12-01-2026;IDR;TOKO MUDJUR BITUNG;69092;CEMENT TONASA @ 50 KG / SACK;5,00;SACK;62.000,00;0,00;0,00;0,00;310.000,00;0,00;0,00;0,00;0,00;0,00;Erni Ending;;
20708;70460020574;27-01-2026;66658;02-02-2026;IDR;PT.ASTRA INTERNATIONAL DAIHATSU;01238;SERVICE BERKALA KENDARAAN DAIHATSU GRANDMAX;1,00;LOT;816.326,53;0,00;16.326,53;0,00;800.000,00;0,00;0,00;0,00;0,00;0,00;Jeffry Lantang;DB 8047 CM;
20746;70480020612;02-02-2026;66670;03-02-2026;IDR;APOTIK SENTOSA FARMA ;92242;SARUNG TANGAN SEKALI PAKAI;2,00;DOS;66.000,00;0,00;0,00;0,00;132.000,00;0,00;0,00;0,00;0,00;0,00;Erni Ending;FOR ISI KOTAK P3K;
20746;70480020612;02-02-2026;66670;03-02-2026;IDR;APOTIK SENTOSA FARMA ;90154;MASKER SENSI @50 PCS;2,00;DOS;30.000,00;0,00;0,00;0,00;60.000,00;0,00;0,00;0,00;0,00;0,00;Erni Ending;FOR ISI KOTAK P3K;
20746;70480020612;02-02-2026;66670;03-02-2026;IDR;APOTIK SENTOSA FARMA ;91364;KASSA STERIL;22,00;DOS;10.000,00;0,00;0,00;0,00;220.000,00;0,00;0,00;0,00;0,00;0,00;Erni Ending;FOR ISI KOTAK P3K;
20746;70480020612;02-02-2026;66670;03-02-2026;IDR;APOTIK SENTOSA FARMA ;92235;PERBAN LEBAR 5 CM;22,00;ROLL;2.000,00;0,00;0,00;0,00;44.000,00;0,00;0,00;0,00;0,00;0,00;Erni Ending;FOR ISI KOTAK P3K;
20746;70480020612;02-02-2026;66670;03-02-2026;IDR;APOTIK SENTOSA FARMA ;92236;PERBAN LEBAR 10 CM;22,00;ROLL;3.500,00;0,00;0,00;0,00;77.000,00;0,00;0,00;0,00;0,00;0,00;Erni Ending;FOR ISI KOTAK P3K;
20746;70480020612;02-02-2026;66670;03-02-2026;IDR;APOTIK SENTOSA FARMA ;90186;PLESTER ROLL BESAR;22,00;ROLL;15.000,00;0,00;0,00;0,00;330.000,00;0,00;0,00;0,00;0,00;0,00;Erni Ending;FOR ISI KOTAK P3K;
20746;70480020612;02-02-2026;66670;03-02-2026;IDR;APOTIK SENTOSA FARMA ;50928;KAPAS @ 1KG;11,00;PCS;11.000,00;0,00;0,00;0,00;121.000,00;0,00;0,00;0,00;0,00;0,00;Erni Ending;FOR ISI KOTAK P3K;
20746;70480020612;02-02-2026;66670;03-02-2026;IDR;APOTIK SENTOSA FARMA ;95895;GUNTING KECIL;11,00;PCS;10.000,00;0,00;0,00;0,00;110.000,00;0,00;0,00;0,00;0,00;0,00;Erni Ending;FOR ISI KOTAK P3K;
20747;70480020613;02-02-2026;66671;03-02-2026;IDR;APOTIK SENTOSA FARMA ;50183;MITTELA;11,00;PCS;21.000,00;0,00;0,00;0,00;231.000,00;0,00;0,00;0,00;0,00;0,00;Erni Ending;FOR ISI KOTAK P3K;
20747;70480020613;02-02-2026;66671;03-02-2026;IDR;APOTIK SENTOSA FARMA ;56520;LAMPU SENTER KECIL;11,00;PCS;45.000,00;0,00;0,00;0,00;495.000,00;0,00;0,00;0,00;0,00;0,00;Erni Ending;FOR ISI KOTAK P3K;
20747;70480020613;02-02-2026;66671;03-02-2026;IDR;APOTIK SENTOSA FARMA ;50626;RIVANOL @100ml/btl                                        ;11,00;BTL;5.000,00;0,00;0,00;0,00;55.000,00;0,00;0,00;0,00;0,00;0,00;Erni Ending;FOR ISI KOTAK P3K;
20747;70480020613;02-02-2026;66671;03-02-2026;IDR;APOTIK SENTOSA FARMA ;92249;POVIDON IODIN 60 ML;11,00;BTL;19.000,00;0,00;0,00;0,00;209.000,00;0,00;0,00;0,00;0,00;0,00;Erni Ending;FOR ISI KOTAK P3K;
20747;70480020613;02-02-2026;66671;03-02-2026;IDR;APOTIK SENTOSA FARMA ;95122;Alkohol 70%;11,00;BTL;7.000,00;0,00;0,00;0,00;77.000,00;0,00;0,00;0,00;0,00;0,00;Erni Ending;FOR ISI KOTAK P3K;
20747;70480020613;02-02-2026;66671;03-02-2026;IDR;APOTIK SENTOSA FARMA ;92238;PLESTER CEPAT ;2,00;DOS;38.000,00;0,00;0,00;0,00;76.000,00;0,00;0,00;0,00;0,00;0,00;Erni Ending;FOR ISI KOTAK P3K;
20786;70460020652;09-02-2026;66713;11-02-2026;IDR;TK.KARYA BANGUNAN;51330;PASIR PLESTER [SAND];1,00;TRUCK;550.000,00;0,00;0,00;0,00;550.000,00;0,00;0,00;0,00;0,00;0,00;Erni Ending;;
T O T A L;;;;;;;;;;;;;;;0,00;0,00;0,00;0,00;0,00;0,00;;;
Department: [7050] Purchasing;;;;;;;;;;;;;;;;;;;;;;;
20588;70500020454;06-01-2026;66518;06-01-2026;USD;SEAL PRECISION CO., LTD.;02443;TELEGRAPHIC TRANSFER FEE;1,00;LOT;40,00;0,00;0,00;0,00;0,00;0,00;0,00;0,00;40,00;0,00;Jeffry Lantang;indent 4 weeks;
20592;70500020458;07-01-2026;66531;09-01-2026;IDR;SELMA FURNITURE;96489;OFFICE CHAIR;3,00;PCS;869.000,00;0,00;0,00;0,00;2.607.000,00;0,00;0,00;0,00;0,00;0,00;Erni Ending;"FOR REGISKA;HENDRY;ANGEL";
20620;70500020486;09-01-2026;66542;09-01-2026;USD;HEBEI JUNQIN INTENATIONAL TRADE CO LTD;00549;Price adjustment of 3468 pcs loining tray under PO 66333 due to change of delivery terms to CFR Bitung ;1,00;LOT;1.900,00;0,00;0,00;0,00;0,00;0,00;0,00;0,00;1.900,00;0,00;Erni Ending;;
20638;70500020504;13-01-2026;66555;13-01-2026;IDR;PT PRIMABOX ADIPERKASA;00550;Price adjustment of 5100 pcs carton under PO-066299 due to cost of wrapping;1,00;LOT;255.000,00;0,00;0,00;0,00;255.000,00;0,00;0,00;0,00;0,00;0,00;Erni Ending;;
20638;70500020504;13-01-2026;66555;13-01-2026;IDR;PT PRIMABOX ADIPERKASA;00551;Price adjustment of 6740 pcs carton under PO-066300 due to cost of wrapping;1,00;LOT;337.000,00;0,00;0,00;0,00;337.000,00;0,00;0,00;0,00;0,00;0,00;Erni Ending;;
20789;70500020655;09-02-2026;66707;09-02-2026;IDR;INFORMA FURNITURE;96489;OFFICE CHAIR;1,00;PCS;1.578.000,00;0,00;0,00;0,00;1.578.000,00;0,00;0,00;0,00;0,00;0,00;Erni Ending;FOR BP.RUDI MANDAGIE;
T O T A L;;;;;;;;;;;;;;;0,00;0,00;0,00;0,00;0,00;0,00;;;
Department: [7056] It;;;;;;;;;;;;;;;;;;;;;;;
20590;70560020456;07-01-2026;66532;09-01-2026;IDR;CV TERMINAL KARYA MANDIRI;99896;HARDDISK SSD 512 GB;3,00;PCS;800.000,00;0,00;0,00;0,00;2.400.000,00;0,00;0,00;0,00;0,00;0,00;Erni Ending;REPEAT ORDER PO#66397;
20590;70560020456;07-01-2026;66535;09-01-2026;IDR;Toko Sinar Abadi Bitung;61640;STECKER (COLOKAN) 2 KAKI;2,00;PCS;15.000,00;0,00;0,00;0,00;30.000,00;0,00;0,00;0,00;0,00;0,00;Jeffry Lantang;;
20590;70560020456;07-01-2026;66535;09-01-2026;IDR;Toko Sinar Abadi Bitung;62409;TERMINAL 5 LUBANG;2,00;PCS;85.000,00;0,00;0,00;0,00;170.000,00;0,00;0,00;0,00;0,00;0,00;Jeffry Lantang;;
20454;70560020322;04-12-2025;66558;14-01-2026;IDR;CV TERMINAL KARYA MANDIRI;89529;COMPUTER DESKTOP (INCLUDE MONITOR);1,00;UNIT;11.300.000,00;0,00;0,00;0,00;11.300.000,00;0,00;0,00;0,00;0,00;0,00;Erni Ending;FOR NEW IT STAFF;
20663;70560020529;21-01-2026;66616;26-01-2026;IDR;CV TERMINAL KARYA MANDIRI;90766;CABLE STP (BELDEN) OUTDOOR;1,00;ROLL;2.350.000,00;0,00;0,00;0,00;2.350.000,00;0,00;0,00;0,00;0,00;0,00;Jeffry Lantang;FOR: IM DAN IT (KABEL REPEAT ORDER PO: 65740);
20663;70560020529;21-01-2026;66616;26-01-2026;IDR;CV TERMINAL KARYA MANDIRI;90598;HUB 8 PORT FOR LAN 1000Mbps;2,00;PCS;275.000,00;0,00;0,00;0,00;550.000,00;0,00;0,00;0,00;0,00;0,00;Jeffry Lantang;FOR: IM DAN IT (KABEL REPEAT ORDER PO: 65740);
20663;70560020529;21-01-2026;66616;26-01-2026;IDR;CV TERMINAL KARYA MANDIRI;90120;RJ 45 ( CONECTOR LAN );1,00;DOS;150.000,00;0,00;0,00;0,00;150.000,00;0,00;0,00;0,00;0,00;0,00;Jeffry Lantang;FOR: IM DAN IT (KABEL REPEAT ORDER PO: 65740);
20748;70560020614;02-02-2026;66662;02-02-2026;IDR;CV TERMINAL KARYA MANDIRI;90198;PRINTER EPSON L121;1,00;UNIT;1.600.000,00;0,00;0,00;0,00;1.600.000,00;0,00;0,00;0,00;0,00;0,00;Erni Ending;PRINTER FOR STAFF IT;
T O T A L;;;;;;;;;;;;;;;0,00;0,00;0,00;0,00;0,00;0,00;;;
Department: [7063] Variable Viand Tuna;;;;;;;;;;;;;;;;;;;;;;;
20645;70630020511;15-01-2026;66588;22-01-2026;IDR;CV.TRINITY ELEKTRA JAYA;96658;Roll Banner ;3,00;PCS;350.000,00;0,00;0,00;0,00;1.050.000,00;0,00;0,00;0,00;0,00;0,00;Erni Ending;DESIGN SESUAI YANG DISETUJUI;
20645;70630020511;15-01-2026;66591;22-01-2026;IDR;LUMEHONG APPAREL;96654;Kaos Polo SPG (Orange dan Biru);38,00;PCS;75.000,00;0,00;0,00;0,00;2.850.000,00;0,00;0,00;0,00;0,00;0,00;Erni Ending;MODEL DAN DESIGN SESUAI YANG DISETUJUI;
20645;70630020511;15-01-2026;66695;09-02-2026;IDR;FAJAR TOPI;96657;Topi SPG;7,00;PCS;50.000,00;0,00;0,00;0,00;350.000,00;0,00;0,00;0,00;0,00;0,00;Erni Ending;;
20645;70630020511;15-01-2026;66709;10-02-2026;IDR;GG FURNITURE DAN INTERIOR;96655;Sample Desk (Meja Promosi);3,00;PCS;2.900.000,00;0,00;0,00;0,00;8.700.000,00;0,00;0,00;0,00;0,00;0,00;Erni Ending;;
T O T A L;;;;;;;;;;;;;;;0,00;0,00;0,00;0,00;0,00;0,00;;;
;;;;;;;;;;;;;;;;;;;;;;;
;;;;;;;;;;;;;;;;;;;;;;;
G R A N D  T O T A L;;;;;;;;;;;;;;;0,00;0,00;0,00;0,00;0,00;0,00;;;
