Id;GroupCode;AccountingCode;Major;Grouping
1;"1018 ";"309  ";;
1298;7010;2011;B;2.3.2
1299;1005;141;A;1.4.2
1300;7000;1114;B;2.3.2
1343;1008;266;A;3.2
6;"1001 ";"111  ";A;1.1
7;"1001 ";"112  ";A;1.1
1345;7037;3064;B;2.3.2
1346;7038;3064;B;2.3.2
1347;1001;001;A;1.1
1349;7036;3115;B;2.3.2
12;"1001 ";"004  ";A;1.1
16;"1001 ";"240  ";A;1.1
17;"1001 ";"730  ";A;1.1
27;"1001 ";"009  ";A;1.1
29;"1004 ";"128  ";A;1.2
30;"1002 ";"117  ";A;"1.3.1    "
32;"1003 ";"125  ";A;"1.3.2    "
33;"1003 ";"122  ";A;"1.3.2    "
34;"1003 ";"121  ";A;"1.3.2    "
35;"1003 ";"124  ";A;"1.3.2    "
36;"1003 ";"127  ";A;"1.3.2    "
37;"1003 ";"363  ";A;"1.3.2    "
38;"1003 ";"123  ";A;"1.3.3    "
40;"1005 ";"135  ";A;"1.4.2    "
41;"1005 ";"136  ";A;"1.4.2    "
42;"1005 ";"137  ";A;"1.4.2    "
43;"1005 ";"138  ";A;"1.4.2    "
44;"1005 ";"140  ";A;"1.4.2    "
45;"1005 ";"142  ";A;"1.4.2    "
46;"1005 ";"143  ";A;"1.4.2    "
47;"1005 ";"145  ";A;"1.4.2    "
48;"1005 ";"146  ";A;"1.4.2    "
49;"1005 ";"752  ";A;"1.4.2    "
50;"1005 ";"916  ";A;"1.4.2    "
51;"1005 ";"416  ";A;"1.4.2    "
52;"1005 ";"743  ";A;"1.4.2    "
53;"1005 ";"148  ";A;"1.4.2    "
54;"1005 ";"153  ";A;"1.4.2    "
55;"1005 ";"744  ";A;"1.4.2    "
56;"1005 ";"415  ";A;"1.4.2    "
57;"1005 ";"257  ";A;"1.4.3    "
58;"1005 ";"130  ";A;"1.4.4    "
59;"1005 ";"258  ";A;"1.4.4    "
60;"1005 ";"318  ";A;"1.4.5    "
61;"1005 ";"316  ";A;"1.4.5    "
62;"1005 ";"317  ";A;"1.4.5    "
63;"1006 ";"154  ";A;1.5
64;"1006 ";"152  ";A;1.5
65;"1006 ";"800  ";A;1.5
66;"1006 ";"155  ";A;1.5
67;"1006 ";"150  ";A;1.5
68;"1006 ";"157  ";A;1.5
69;"1006 ";"156  ";A;1.5
70;"1006 ";"551  ";A;1.5
71;"1006 ";"158  ";A;1.5
72;"1007 ";"908  ";A;2.1
73;"1007 ";"906  ";A;2.1
74;"1007 ";"198  ";A;2.1
75;"1007 ";"902  ";A;2.1
76;"1007 ";"166  ";A;2.1
77;"1007 ";"191  ";A;2.1
78;"1007 ";"177  ";A;2.1
79;"1007 ";"171  ";A;2.1
80;"1007 ";"900  ";A;2.1
81;"1007 ";"901  ";A;2.1
82;"1007 ";"159  ";A;2.1
83;"1007 ";"160  ";A;2.1
84;"1007 ";"162  ";A;2.1
85;"1007 ";"165  ";A;2.1
86;"1007 ";"169  ";A;2.1
87;"1007 ";"174  ";A;2.1
88;"1007 ";"173  ";A;2.1
89;"1007 ";"172  ";A;2.1
90;"1007 ";"164  ";A;2.1
91;"1007 ";"161  ";A;2.1
92;"1007 ";"681  ";A;2.1
93;"1007 ";"175  ";A;2.1
94;"1007 ";"179  ";A;2.1
95;"1007 ";"167  ";A;2.1
96;"1007 ";"163  ";A;2.1
97;"1007 ";"176  ";A;2.1
98;"1007 ";"178  ";A;2.1
99;"1007 ";"181  ";A;2.2
100;"1007 ";"186  ";A;2.2
101;"1007 ";"190  ";A;2.2
102;"1007 ";"194  ";A;2.2
103;"1007 ";"193  ";A;2.2
104;"1007 ";"197  ";A;2.2
105;"1007 ";"185  ";A;2.2
106;"1007 ";"184  ";A;2.2
107;"1007 ";"543  ";A;2.2
108;"1007 ";"180  ";A;2.2
109;"1007 ";"192  ";A;2.2
110;"1007 ";"183  ";A;2.2
111;"1007 ";"168  ";A;2.2
112;"1007 ";"182  ";A;2.2
113;"1007 ";"905  ";A;2.2
114;"1007 ";"903  ";A;2.2
115;"1007 ";"187  ";A;2.2
116;"1007 ";"170  ";A;2.2
117;"1007 ";"189  ";A;2.2
118;"1007 ";"188  ";A;2.2
119;"1007 ";"200  ";A;2.2
120;"1007 ";"907  ";A;2.2
121;"1007 ";"909  ";A;2.2
122;"1007 ";"904  ";A;2.2
123;"1007 ";"199  ";A;2.2
124;"1008 ";"265  ";A;3.1
125;"1008 ";"195  ";A;3.2
126;"1006 ";"325  ";A;3.2
127;"1008 ";"196  ";A;3.3
128;"1006 ";"324  ";A;3.3
129;"1008 ";"998  ";A;3.3
130;"1009 ";"224  ";B;"1.1.1    "
131;"1011 ";"201  ";B;"1.1.2.1  "
132;"1011 ";"216  ";B;"1.1.2.1  "
133;"1011 ";"560  ";B;"1.1.2.1  "
134;"1011 ";"565  ";B;"1.1.2.1  "
135;"1014 ";"208  ";B;"1.1.2.2  "
136;"1014 ";"205  ";B;"1.1.2.2  "
137;"1014 ";"206  ";B;"1.1.2.2  "
138;"1014 ";"207  ";B;"1.1.2.2  "
139;"1014 ";"203  ";B;"1.1.2.2  "
141;"1014 ";"218  ";B;"1.1.2.2  "
142;"1014 ";"219  ";B;"1.1.2.2  "
143;"1014 ";"214  ";B;"1.1.2.2  "
144;"1012 ";"217  ";B;"1.1.3.1  "
145;"1012 ";"226  ";B;"1.1.3.1  "
146;"1012 ";"204  ";B;"1.1.3.1  "
147;"1012 ";"211  ";B;"1.1.3.1  "
148;"1012 ";"210  ";B;"1.1.3.1  "
149;"1012 ";"212  ";B;"1.1.3.1  "
150;"1012 ";"213  ";B;"1.1.3.1  "
151;"1012 ";"920  ";B;"1.1.3.1  "
152;"1012 ";"921  ";B;"1.1.3.1  "
153;"1012 ";"326  ";B;"1.1.3.1  "
154;"1012 ";"202  ";B;"1.1.3.1  "
155;"1013 ";"228  ";B;"1.1.3.2  "
156;"1013 ";"220  ";B;"1.1.3.2  "
157;"1013 ";"223  ";B;"1.1.3.2  "
158;"1013 ";"215  ";B;"1.1.4    "
159;"1010 ";"225  ";B;"1.1.5    "
160;"1015 ";"227  ";B;1.2
161;"1016 ";"126  ";B;1.3
162;"1018 ";"308  ";B;1.3
163;"1018 ";"301  ";B;2.1
164;"1018 ";"307  ";B;2.2
165;"7000 ";"1107 ";B;"2.3.2    "
166;"7000 ";"1108 ";B;"2.3.2    "
167;"7029 ";"5002 ";B;"2.3.2    "
168;"7010 ";"2003 ";B;"2.3.2    "
169;"7010 ";"2001 ";B;"2.3.2    "
170;"7010 ";"2006 ";B;"2.3.2    "
171;"7010 ";"2008 ";B;"2.3.2    "
172;"7010 ";"2018 ";B;"2.3.2    "
173;"7010 ";"2021 ";B;"2.3.2    "
174;"7010 ";"2015 ";B;"2.3.2    "
175;"8000 ";"3006 ";B;"2.3.2    "
176;"8010 ";"4200 ";B;"2.3.2    "
177;"8010 ";"9102 ";B;"2.3.2    "
178;"8010 ";"9103 ";B;"2.3.2    "
179;"7029 ";"3018 ";B;"2.3.2    "
180;"7029 ";"3130 ";B;"2.3.2    "
181;"8000 ";"3102 ";B;"2.3.2    "
182;"8000 ";"3103 ";B;"2.3.2    "
183;"8010 ";"9104 ";B;"2.3.2    "
184;"8010 ";"4100 ";B;"2.3.2    "
185;"7029 ";"3127 ";B;"2.3.2    "
186;"8010 ";"5200 ";B;"2.3.2    "
187;"8000 ";"3078 ";B;"2.3.2    "
188;"7029 ";"3019 ";B;"2.3.2    "
189;"8010 ";"5100 ";B;"2.3.2    "
190;"8000 ";"1074 ";B;"2.3.2    "
191;"8010 ";"9101 ";B;"2.3.2    "
192;"8000 ";"2034 ";B;"2.3.2    "
193;"7029 ";"3050 ";B;"2.3.2    "
194;"7029 ";"3144 ";B;"2.3.2    "
195;"7029 ";"3128 ";B;"2.3.2    "
196;"7029 ";"3155 ";B;"2.3.2    "
197;"7029 ";"3129 ";B;"2.3.2    "
198;"7029 ";"3150 ";B;"2.3.2    "
199;"7029 ";"3054 ";B;"2.3.2    "
200;"7029 ";"3131 ";B;"2.3.2    "
201;"7029 ";"3132 ";B;"2.3.2    "
202;"8000 ";"3900 ";B;"2.3.2    "
203;"7033 ";"3131 ";B;"2.3.2    "
204;"7034 ";"3038 ";B;"2.3.2    "
205;"7034 ";"3052 ";B;"2.3.2    "
206;"7034 ";"3061 ";B;"2.3.2    "
207;"7034 ";"3211 ";B;"2.3.2    "
208;"7034 ";"3005 ";B;"2.3.2    "
209;"7036 ";"3200 ";B;"2.3.2    "
210;"7036 ";"3052 ";B;"2.3.2    "
211;"7038 ";"3052 ";B;"2.3.2    "
212;"7038 ";"3038 ";B;"2.3.2    "
213;"7040 ";"3052 ";B;"2.3.2    "
214;"7040 ";"3038 ";B;"2.3.2    "
215;"7042 ";"3038 ";B;"2.3.2    "
216;"7042 ";"3052 ";B;"2.3.2    "
217;"7042 ";"3211 ";B;"2.3.2    "
218;"7044 ";"3211 ";B;"2.3.2    "
219;"7044 ";"3067 ";B;"2.3.2    "
220;"7044 ";"3038 ";B;"2.3.2    "
221;"7044 ";"3052 ";B;"2.3.2    "
222;"7044 ";"3016 ";B;"2.3.2    "
223;"7046 ";"3052 ";B;"2.3.2    "
224;"7046 ";"3211 ";B;"2.3.2    "
225;"7046 ";"3038 ";B;"2.3.2    "
226;"7048 ";"3200 ";B;"2.3.2    "
227;"7050 ";"3200 ";B;"2.3.2    "
228;"7052 ";"3050 ";B;"2.3.2    "
229;"7052 ";"3203 ";B;"2.3.2    "
230;"7054 ";"3050 ";B;"2.3.2    "
231;"7056 ";"3050 ";B;"2.3.2    "
1275;1014;221;B;1.1.2.2
233;"7060 ";"3211 ";B;"2.3.2    "
234;"7044 ";"3061 ";B;"2.3.2    "
235;"7060 ";"3034 ";B;"2.3.2    "
236;"7035 ";"3115 ";B;"2.3.2    "
237;"7060 ";"3205 ";B;"2.3.2    "
238;"7036 ";"3054 ";B;"2.3.2    "
239;"7060 ";"3068 ";B;"2.3.2    "
240;"7060 ";"5002 ";B;"2.3.2    "
241;"7044 ";"4000 ";B;"2.3.2    "
242;"7034 ";"3002 ";B;"2.3.2    "
243;"7052 ";"3900 ";B;"2.3.2    "
244;"7030 ";"3142 ";B;"2.3.2    "
245;"7032 ";"3142 ";B;"2.3.2    "
246;"7034 ";"3142 ";B;"2.3.2    "
247;"7036 ";"3208 ";B;"2.3.2    "
248;"7038 ";"3142 ";B;"2.3.2    "
249;"7040 ";"3142 ";B;"2.3.2    "
250;"7042 ";"3142 ";B;"2.3.2    "
251;"7044 ";"3142 ";B;"2.3.2    "
252;"7046 ";"3142 ";B;"2.3.2    "
253;"7048 ";"3208 ";B;"2.3.2    "
254;"7050 ";"3208 ";B;"2.3.2    "
255;"7052 ";"3208 ";B;"2.3.2    "
256;"7054 ";"3208 ";B;"2.3.2    "
257;"7056 ";"3208 ";B;"2.3.2    "
1276;1012;222;B;1.1.3.1
259;"7060 ";"3208 ";B;"2.3.2    "
260;"7029 ";"3214 ";B;"2.3.2    "
261;"7029 ";"3052 ";B;"2.3.2    "
262;"7033 ";"3052 ";B;"2.3.2    "
263;"7046 ";"3061 ";B;"2.3.2    "
264;"8000 ";"3001 ";B;"2.3.2    "
265;"7010 ";"7777 ";B;"2.3.2    "
266;"7037 ";"0001 ";B;"2.3.2    "
267;"7038 ";"0002 ";B;"2.3.2    "
268;"7029 ";"0001 ";B;"2.3.2    "
269;"7030 ";"0002 ";B;"2.3.2    "
270;"7033 ";"3214 ";B;"2.3.2    "
271;"7029 ";"3020 ";B;"2.3.2    "
272;"7039 ";"3020 ";B;"2.3.2    "
273;"7037 ";"3020 ";B;"2.3.2    "
274;"7046 ";"3212 ";B;"2.3.2    "
275;"7048 ";"3215 ";B;"2.3.2    "
276;"7042 ";"3212 ";B;"2.3.2    "
277;"7044 ";"3212 ";B;"2.3.2    "
278;"7034 ";"3212 ";B;"2.3.2    "
279;"7038 ";"3212 ";B;"2.3.2    "
280;"7040 ";"3212 ";B;"2.3.2    "
281;"7030 ";"3212 ";B;"2.3.2    "
282;"7033 ";"3020 ";B;"2.3.2    "
283;"7060 ";"3061 ";B;"2.3.2    "
284;"7039 ";"3214 ";B;"2.3.2    "
285;"7035 ";"3214 ";B;"2.3.2    "
286;"7029 ";"6000 ";B;"2.3.2    "
287;"7031 ";"6000 ";B;"2.3.2    "
288;"7031 ";"3214 ";B;"2.3.2    "
289;"8000 ";"5555 ";B;"2.3.2    "
290;"7033 ";"3055 ";B;"2.3.2    "
291;"7037 ";"3055 ";B;"2.3.2    "
292;"7037 ";"3214 ";B;"2.3.2    "
293;"8000 ";"4001 ";B;"2.3.2    "
294;"7031 ";"3020 ";B;"2.3.2    "
295;"7060 ";"3109 ";B;"2.3.2    "
296;"7000 ";"1112 ";B;"2.3.2    "
297;"7010 ";"2002 ";B;"2.3.2    "
299;"7000 ";"1111 ";B;"2.3.2    "
300;"7030 ";"3071 ";B;"2.3.2    "
301;"7030 ";"3143 ";B;"2.3.2    "
302;"7030 ";"3059 ";B;"2.3.2    "
303;"7031 ";"3035 ";B;"2.3.2    "
304;"7031 ";"3039 ";B;"2.3.2    "
305;"7032 ";"3064 ";B;"2.3.2    "
306;"7032 ";"3071 ";B;"2.3.2    "
307;"7032 ";"3143 ";B;"2.3.2    "
308;"7032 ";"6001 ";B;"2.3.2    "
309;"7062 ";"3071 ";B;"2.3.2    "
310;"7062 ";"3143 ";B;"2.3.2    "
311;"7062 ";"3059 ";B;"2.3.2    "
312;"7034 ";"3071 ";B;"2.3.2    "
313;"7034 ";"3064 ";B;"2.3.2    "
314;"7034 ";"3059 ";B;"2.3.2    "
315;"7035 ";"3107 ";B;"2.3.2    "
316;"7035 ";"3017 ";B;"2.3.2    "
317;"7035 ";"3105 ";B;"2.3.2    "
318;"7035 ";"3106 ";B;"2.3.2    "
319;"7036 ";"3064 ";B;"2.3.2    "
320;"7036 ";"3071 ";B;"2.3.2    "
321;"7036 ";"3217 ";B;"2.3.2    "
322;"7036 ";"3059 ";B;"2.3.2    "
323;"7038 ";"3071 ";B;"2.3.2    "
324;"7038 ";"3143 ";B;"2.3.2    "
325;"7038 ";"3059 ";B;"2.3.2    "
326;"7040 ";"3071 ";B;"2.3.2    "
327;"7040 ";"3143 ";B;"2.3.2    "
328;"7040 ";"3059 ";B;"2.3.2    "
329;"7042 ";"3064 ";B;"2.3.2    "
330;"7042 ";"3071 ";B;"2.3.2    "
331;"7042 ";"3143 ";B;"2.3.2    "
332;"7042 ";"3059 ";B;"2.3.2    "
333;"7044 ";"3064 ";B;"2.3.2    "
334;"7044 ";"3071 ";B;"2.3.2    "
335;"7044 ";"3143 ";B;"2.3.2    "
336;"7044 ";"3059 ";B;"2.3.2    "
337;"7046 ";"3071 ";B;"2.3.2    "
338;"7046 ";"3143 ";B;"2.3.2    "
339;"7046 ";"3059 ";B;"2.3.2    "
340;"7048 ";"3064 ";B;"2.3.2    "
341;"7048 ";"3071 ";B;"2.3.2    "
342;"7048 ";"3217 ";B;"2.3.2    "
343;"7048 ";"3059 ";B;"2.3.2    "
344;"7050 ";"3071 ";B;"2.3.2    "
345;"7050 ";"3218 ";B;"2.3.2    "
346;"7050 ";"3051 ";B;"2.3.2    "
347;"7050 ";"3217 ";B;"2.3.2    "
348;"7050 ";"3059 ";B;"2.3.2    "
349;"7050 ";"3064 ";B;"2.3.2    "
350;"7052 ";"3071 ";B;"2.3.2    "
351;"7052 ";"3217 ";B;"2.3.2    "
352;"7052 ";"3059 ";B;"2.3.2    "
353;"7054 ";"3064 ";B;"2.3.2    "
354;"7054 ";"3071 ";B;"2.3.2    "
355;"7054 ";"3217 ";B;"2.3.2    "
356;"7054 ";"3059 ";B;"2.3.2    "
357;"7060 ";"3064 ";B;"2.3.2    "
358;"7060 ";"3071 ";B;"2.3.2    "
359;"7060 ";"3059 ";B;"2.3.2    "
360;"7052 ";"3064 ";B;"2.3.2    "
361;"7032 ";"3059 ";B;"2.3.2    "
362;"7052 ";"3052 ";B;"2.3.2    "
363;"7048 ";"3219 ";B;"2.3.2    "
364;"7034 ";"3214 ";B;"2.3.2    "
365;"7050 ";"3219 ";B;"2.3.2    "
366;"7052 ";"3219 ";B;"2.3.2    "
367;"7054 ";"3219 ";B;"2.3.2    "
368;"7031 ";"3145 ";B;"2.3.2    "
369;"7033 ";"3145 ";B;"2.3.2    "
370;"7037 ";"3145 ";B;"2.3.2    "
371;"7039 ";"3145 ";B;"2.3.2    "
372;"7030 ";"3148 ";B;"2.3.2    "
373;"7032 ";"3148 ";B;"2.3.2    "
374;"7034 ";"3148 ";B;"2.3.2    "
375;"7036 ";"3219 ";B;"2.3.2    "
376;"7038 ";"3148 ";B;"2.3.2    "
377;"7040 ";"3148 ";B;"2.3.2    "
378;"7042 ";"3148 ";B;"2.3.2    "
379;"7046 ";"3148 ";B;"2.3.2    "
380;"7044 ";"3148 ";B;"2.3.2    "
381;"7062 ";"3148 ";B;"2.3.2    "
382;"7061 ";"3145 ";B;"2.3.2    "
383;"7034 ";"3046 ";B;"2.3.2    "
384;"7036 ";"3046 ";B;"2.3.2    "
385;"7038 ";"3046 ";B;"2.3.2    "
386;"7040 ";"3046 ";B;"2.3.2    "
387;"7042 ";"3046 ";B;"2.3.2    "
388;"7044 ";"3046 ";B;"2.3.2    "
389;"7046 ";"3046 ";B;"2.3.2    "
390;"7048 ";"3046 ";B;"2.3.2    "
391;"7050 ";"3046 ";B;"2.3.2    "
392;"7052 ";"3046 ";B;"2.3.2    "
393;"7054 ";"3046 ";B;"2.3.2    "
394;"7056 ";"3046 ";B;"2.3.2    "
395;"7062 ";"3046 ";B;"2.3.2    "
396;"7064 ";"3046 ";B;"2.3.2    "
397;"7066 ";"3046 ";B;"2.3.2    "
398;"7032 ";"3046 ";B;"2.3.2    "
1279;7034;3139;B;"2.3.2    "
400;"7060 ";"3046 ";B;"2.3.2    "
401;"7056 ";"3064 ";B;"2.3.2    "
402;"7050 ";"3061 ";B;"2.3.2    "
404;"7010 ";"2007 ";B;"2.3.2    "
405;"7010 ";"2009 ";B;"2.3.2    "
406;"7010 ";"2016 ";B;"2.3.2    "
407;"7035 ";"3108 ";B;"2.3.2    "
408;"7035 ";"3110 ";B;"2.3.2    "
409;"7046 ";"3005 ";B;"2.3.2    "
410;"7033 ";"3056 ";B;"2.3.2    "
411;"8000 ";"3104 ";B;"2.3.2    "
412;"7000 ";"1110 ";B;"2.3.2    "
413;"7032 ";"3211 ";B;"2.3.2    "
414;"7036 ";"3061 ";B;"2.3.2    "
415;"7032 ";"3005 ";B;"2.3.2    "
416;"7037 ";"3052 ";B;"2.3.2    "
417;"7044 ";"3005 ";B;"2.3.2    "
418;"7032 ";"3061 ";B;"2.3.2    "
419;"7031 ";"3014 ";B;"2.3.2    "
420;"7032 ";"2000 ";B;"2.3.2    "
421;"7033 ";"3014 ";B;"2.3.2    "
422;"7035 ";"3100 ";B;"2.3.2    "
423;"7039 ";"3014 ";B;"2.3.2    "
424;"7029 ";"3014 ";B;"2.3.2    "
425;"8000 ";"3901 ";B;"2.3.2    "
426;"7037 ";"3014 ";B;"2.3.2    "
427;"7032 ";"6000 ";B;"2.3.2    "
428;"7036 ";"3005 ";B;"2.3.2    "
429;"7029 ";"0003 ";B;"2.3.2    "
430;"7029 ";"3141 ";B;"2.3.2    "
431;"7031 ";"3141 ";B;"2.3.2    "
432;"7033 ";"3141 ";B;"2.3.2    "
433;"7037 ";"3141 ";B;"2.3.2    "
434;"7039 ";"3141 ";B;"2.3.2    "
435;"7052 ";"3036 ";B;"2.3.2    "
436;"7046 ";"3064 ";B;"2.3.2    "
437;"7048 ";"3052 ";B;"2.3.2    "
438;"7054 ";"3052 ";B;"2.3.2    "
439;"7050 ";"3052 ";B;"2.3.2    "
440;"7010 ";"2004 ";B;"2.3.2    "
441;"8000 ";"3902 ";B;"2.3.2    "
442;"7061 ";"3014 ";B;"2.3.2    "
443;"7061 ";"3018 ";B;"2.3.2    "
444;"7061 ";"3019 ";B;"2.3.2    "
445;"7061 ";"3020 ";B;"2.3.2    "
446;"7061 ";"3050 ";B;"2.3.2    "
447;"7061 ";"3127 ";B;"2.3.2    "
448;"7061 ";"3129 ";B;"2.3.2    "
449;"7061 ";"3130 ";B;"2.3.2    "
450;"7061 ";"3131 ";B;"2.3.2    "
451;"7061 ";"3132 ";B;"2.3.2    "
452;"7061 ";"3141 ";B;"2.3.2    "
453;"7061 ";"3144 ";B;"2.3.2    "
454;"7061 ";"3214 ";B;"2.3.2    "
455;"7062 ";"2000 ";B;"2.3.2    "
456;"7062 ";"3005 ";B;"2.3.2    "
457;"7062 ";"3014 ";B;"2.3.2    "
458;"7062 ";"3015 ";B;"2.3.2    "
459;"7062 ";"3022 ";B;"2.3.2    "
460;"7062 ";"3023 ";B;"2.3.2    "
461;"7062 ";"3040 ";B;"2.3.2    "
462;"7062 ";"3041 ";B;"2.3.2    "
463;"7062 ";"3043 ";B;"2.3.2    "
464;"7062 ";"3047 ";B;"2.3.2    "
465;"7062 ";"3048 ";B;"2.3.2    "
466;"7062 ";"3050 ";B;"2.3.2    "
467;"7062 ";"3052 ";B;"2.3.2    "
468;"7062 ";"3054 ";B;"2.3.2    "
469;"7062 ";"3060 ";B;"2.3.2    "
470;"7062 ";"3061 ";B;"2.3.2    "
471;"7062 ";"3062 ";B;"2.3.2    "
472;"7062 ";"3070 ";B;"2.3.2    "
473;"7062 ";"3072 ";B;"2.3.2    "
474;"7062 ";"3075 ";B;"2.3.2    "
475;"7062 ";"3080 ";B;"2.3.2    "
476;"7062 ";"3133 ";B;"2.3.2    "
477;"7062 ";"3135 ";B;"2.3.2    "
478;"7062 ";"3136 ";B;"2.3.2    "
479;"7062 ";"3137 ";B;"2.3.2    "
480;"7062 ";"3138 ";B;"2.3.2    "
481;"7062 ";"3142 ";B;"2.3.2    "
482;"7062 ";"3146 ";B;"2.3.2    "
483;"7062 ";"3212 ";B;"2.3.2    "
484;"7062 ";"6000 ";B;"2.3.2    "
485;"7037 ";"3056 ";B;"2.3.2    "
486;"7064 ";"3050 ";B;"2.3.2    "
487;"7065 ";"3050 ";B;"2.3.2    "
488;"7064 ";"3041 ";B;"2.3.2    "
489;"7064 ";"3014 ";B;"2.3.2    "
490;"7064 ";"3136 ";B;"2.3.2    "
491;"7064 ";"3133 ";B;"2.3.2    "
492;"7064 ";"3022 ";B;"2.3.2    "
493;"7064 ";"3137 ";B;"2.3.2    "
494;"7064 ";"3146 ";B;"2.3.2    "
495;"7064 ";"3143 ";B;"2.3.2    "
496;"7064 ";"3138 ";B;"2.3.2    "
497;"7064 ";"3023 ";B;"2.3.2    "
498;"7064 ";"3142 ";B;"2.3.2    "
499;"7064 ";"3048 ";B;"2.3.2    "
500;"7064 ";"3040 ";B;"2.3.2    "
501;"7064 ";"3060 ";B;"2.3.2    "
502;"7064 ";"3075 ";B;"2.3.2    "
503;"7064 ";"3047 ";B;"2.3.2    "
504;"7064 ";"3062 ";B;"2.3.2    "
505;"7064 ";"3072 ";B;"2.3.2    "
506;"7064 ";"3059 ";B;"2.3.2    "
507;"7064 ";"3052 ";B;"2.3.2    "
508;"7064 ";"3080 ";B;"2.3.2    "
509;"7064 ";"3064 ";B;"2.3.2    "
510;"7064 ";"3069 ";B;"2.3.2    "
511;"7064 ";"3071 ";B;"2.3.2    "
512;"7064 ";"3054 ";B;"2.3.2    "
513;"7064 ";"3043 ";B;"2.3.2    "
514;"7064 ";"3063 ";B;"2.3.2    "
515;"7065 ";"3130 ";B;"2.3.2    "
516;"7065 ";"3127 ";B;"2.3.2    "
517;"7065 ";"3018 ";B;"2.3.2    "
518;"7065 ";"3131 ";B;"2.3.2    "
519;"7065 ";"3129 ";B;"2.3.2    "
520;"7065 ";"3144 ";B;"2.3.2    "
521;"7065 ";"3132 ";B;"2.3.2    "
522;"7065 ";"3019 ";B;"2.3.2    "
523;"7065 ";"3141 ";B;"2.3.2    "
524;"7065 ";"3214 ";B;"2.3.2    "
525;"7066 ";"3041 ";B;"2.3.2    "
526;"7066 ";"3014 ";B;"2.3.2    "
527;"7066 ";"3136 ";B;"2.3.2    "
528;"7066 ";"3133 ";B;"2.3.2    "
529;"7066 ";"3022 ";B;"2.3.2    "
530;"7066 ";"3137 ";B;"2.3.2    "
531;"7066 ";"3146 ";B;"2.3.2    "
532;"7066 ";"3143 ";B;"2.3.2    "
533;"7066 ";"3138 ";B;"2.3.2    "
534;"7066 ";"3023 ";B;"2.3.2    "
535;"7066 ";"3142 ";B;"2.3.2    "
536;"7066 ";"3048 ";B;"2.3.2    "
537;"7066 ";"3050 ";B;"2.3.2    "
538;"7066 ";"3040 ";B;"2.3.2    "
539;"7066 ";"3060 ";B;"2.3.2    "
540;"7066 ";"3075 ";B;"2.3.2    "
541;"7066 ";"3047 ";B;"2.3.2    "
542;"7066 ";"3015 ";B;"2.3.2    "
543;"7066 ";"3062 ";B;"2.3.2    "
544;"7066 ";"3072 ";B;"2.3.2    "
545;"7066 ";"3059 ";B;"2.3.2    "
546;"7066 ";"3052 ";B;"2.3.2    "
547;"7066 ";"3080 ";B;"2.3.2    "
548;"7066 ";"3064 ";B;"2.3.2    "
549;"7066 ";"3069 ";B;"2.3.2    "
550;"7066 ";"3071 ";B;"2.3.2    "
551;"7066 ";"3054 ";B;"2.3.2    "
552;"7066 ";"3043 ";B;"2.3.2    "
553;"7066 ";"3063 ";B;"2.3.2    "
554;"7064 ";"3015 ";B;"2.3.2    "
555;"7064 ";"3135 ";B;"2.3.2    "
556;"7063 ";"3003 ";B;"2.3.2    "
557;"7063 ";"3130 ";B;"2.3.2    "
558;"7063 ";"3127 ";B;"2.3.2    "
559;"7063 ";"3018 ";B;"2.3.2    "
560;"7063 ";"3131 ";B;"2.3.2    "
561;"7063 ";"3129 ";B;"2.3.2    "
562;"7063 ";"3144 ";B;"2.3.2    "
563;"7063 ";"3132 ";B;"2.3.2    "
564;"7063 ";"3019 ";B;"2.3.2    "
565;"7063 ";"3141 ";B;"2.3.2    "
566;"7063 ";"3055 ";B;"2.3.2    "
567;"7063 ";"3050 ";B;"2.3.2    "
568;"7063 ";"3014 ";B;"2.3.2    "
569;"7063 ";"3056 ";B;"2.3.2    "
570;"7064 ";"3109 ";B;"2.3.2    "
571;"7063 ";"3064 ";B;"2.3.2    "
572;"7064 ";"3205 ";B;"2.3.2    "
573;"7033 ";"3064 ";B;"2.3.2    "
574;"7030 ";"3022 ";B;"2.3.2    "
575;"7030 ";"3023 ";B;"2.3.2    "
576;"7030 ";"3146 ";B;"2.3.2    "
577;"7030 ";"3133 ";B;"2.3.2    "
578;"7030 ";"3136 ";B;"2.3.2    "
579;"7030 ";"3137 ";B;"2.3.2    "
580;"7030 ";"3138 ";B;"2.3.2    "
581;"7030 ";"3152 ";B;"2.3.2    "
582;"7030 ";"3134 ";B;"2.3.2    "
583;"7030 ";"3135 ";B;"2.3.2    "
584;"7030 ";"3014 ";B;"2.3.2    "
585;"7030 ";"3015 ";B;"2.3.2    "
586;"7030 ";"3036 ";B;"2.3.2    "
587;"7030 ";"3038 ";B;"2.3.2    "
588;"7030 ";"3041 ";B;"2.3.2    "
589;"7030 ";"3043 ";B;"2.3.2    "
590;"7030 ";"3047 ";B;"2.3.2    "
591;"7030 ";"3048 ";B;"2.3.2    "
592;"7030 ";"3050 ";B;"2.3.2    "
593;"7030 ";"3052 ";B;"2.3.2    "
594;"7030 ";"3054 ";B;"2.3.2    "
595;"7030 ";"3060 ";B;"2.3.2    "
596;"7030 ";"3062 ";B;"2.3.2    "
597;"7030 ";"3063 ";B;"2.3.2    "
598;"7030 ";"3072 ";B;"2.3.2    "
599;"7030 ";"3075 ";B;"2.3.2    "
600;"7030 ";"3080 ";B;"2.3.2    "
601;"7030 ";"3040 ";B;"2.3.2    "
602;"7030 ";"3001 ";B;"2.3.2    "
603;"7030 ";"3004 ";B;"2.3.2    "
604;"7030 ";"3034 ";B;"2.3.2    "
605;"7030 ";"3214 ";B;"2.3.2    "
606;"7030 ";"3109 ";B;"2.3.2    "
607;"7030 ";"5002 ";B;"2.3.2    "
608;"7031 ";"2023 ";B;"2.3.2    "
609;"7031 ";"2000 ";B;"2.3.2    "
610;"7031 ";"3018 ";B;"2.3.2    "
611;"7031 ";"3019 ";B;"2.3.2    "
612;"7031 ";"3127 ";B;"2.3.2    "
613;"7031 ";"3130 ";B;"2.3.2    "
614;"7031 ";"3155 ";B;"2.3.2    "
615;"7031 ";"3132 ";B;"2.3.2    "
616;"7031 ";"3129 ";B;"2.3.2    "
617;"7031 ";"3131 ";B;"2.3.2    "
618;"7031 ";"3128 ";B;"2.3.2    "
619;"7031 ";"3144 ";B;"2.3.2    "
620;"7031 ";"3150 ";B;"2.3.2    "
621;"7031 ";"3050 ";B;"2.3.2    "
622;"7031 ";"3052 ";B;"2.3.2    "
623;"7031 ";"3054 ";B;"2.3.2    "
624;"7031 ";"3013 ";B;"2.3.2    "
625;"7031 ";"5002 ";B;"2.3.2    "
626;"7032 ";"3022 ";B;"2.3.2    "
627;"7032 ";"3023 ";B;"2.3.2    "
628;"7032 ";"3146 ";B;"2.3.2    "
629;"7032 ";"3133 ";B;"2.3.2    "
630;"7032 ";"3136 ";B;"2.3.2    "
631;"7032 ";"3137 ";B;"2.3.2    "
632;"7032 ";"3138 ";B;"2.3.2    "
633;"7032 ";"3152 ";B;"2.3.2    "
634;"7032 ";"3134 ";B;"2.3.2    "
635;"7032 ";"3135 ";B;"2.3.2    "
636;"7032 ";"3014 ";B;"2.3.2    "
637;"7032 ";"3015 ";B;"2.3.2    "
638;"7032 ";"3036 ";B;"2.3.2    "
639;"7032 ";"3041 ";B;"2.3.2    "
640;"7032 ";"3043 ";B;"2.3.2    "
641;"7032 ";"3047 ";B;"2.3.2    "
642;"7032 ";"3048 ";B;"2.3.2    "
643;"7032 ";"3050 ";B;"2.3.2    "
644;"7032 ";"3054 ";B;"2.3.2    "
645;"7032 ";"3060 ";B;"2.3.2    "
646;"7032 ";"3062 ";B;"2.3.2    "
647;"7032 ";"3063 ";B;"2.3.2    "
648;"7032 ";"3069 ";B;"2.3.2    "
649;"7032 ";"3070 ";B;"2.3.2    "
650;"7032 ";"3072 ";B;"2.3.2    "
651;"7032 ";"3075 ";B;"2.3.2    "
652;"7032 ";"3080 ";B;"2.3.2    "
653;"7032 ";"3040 ";B;"2.3.2    "
654;"7032 ";"3001 ";B;"2.3.2    "
655;"7032 ";"3004 ";B;"2.3.2    "
656;"7032 ";"3034 ";B;"2.3.2    "
657;"7032 ";"3214 ";B;"2.3.2    "
658;"7032 ";"3109 ";B;"2.3.2    "
659;"7032 ";"5002 ";B;"2.3.2    "
660;"7032 ";"3068 ";B;"2.3.2    "
661;"7033 ";"2023 ";B;"2.3.2    "
662;"7033 ";"2000 ";B;"2.3.2    "
663;"7033 ";"3018 ";B;"2.3.2    "
664;"7033 ";"3019 ";B;"2.3.2    "
665;"7033 ";"3127 ";B;"2.3.2    "
666;"7033 ";"3130 ";B;"2.3.2    "
667;"7033 ";"3155 ";B;"2.3.2    "
668;"7033 ";"3132 ";B;"2.3.2    "
669;"7033 ";"3129 ";B;"2.3.2    "
670;"7033 ";"3128 ";B;"2.3.2    "
671;"7033 ";"3144 ";B;"2.3.2    "
672;"7033 ";"3150 ";B;"2.3.2    "
673;"7033 ";"3054 ";B;"2.3.2    "
674;"7033 ";"3050 ";B;"2.3.2    "
675;"7033 ";"5002 ";B;"2.3.2    "
676;"7060 ";"3200 ";B;"2.3.2    "
677;"7060 ";"3201 ";B;"2.3.2    "
678;"7060 ";"3202 ";B;"2.3.2    "
679;"7060 ";"3206 ";B;"2.3.2    "
680;"7060 ";"3207 ";B;"2.3.2    "
681;"7060 ";"3213 ";B;"2.3.2    "
682;"7060 ";"3203 ";B;"2.3.2    "
683;"7060 ";"3210 ";B;"2.3.2    "
684;"7060 ";"3204 ";B;"2.3.2    "
685;"7060 ";"3015 ";B;"2.3.2    "
686;"7060 ";"3041 ";B;"2.3.2    "
687;"7060 ";"3043 ";B;"2.3.2    "
688;"7060 ";"3047 ";B;"2.3.2    "
689;"7060 ";"3048 ";B;"2.3.2    "
690;"7060 ";"3050 ";B;"2.3.2    "
691;"7060 ";"3054 ";B;"2.3.2    "
692;"7060 ";"3060 ";B;"2.3.2    "
693;"7060 ";"3062 ";B;"2.3.2    "
694;"7060 ";"3063 ";B;"2.3.2    "
695;"7060 ";"3069 ";B;"2.3.2    "
696;"7060 ";"3070 ";B;"2.3.2    "
697;"7060 ";"3072 ";B;"2.3.2    "
698;"7060 ";"3075 ";B;"2.3.2    "
699;"7060 ";"3080 ";B;"2.3.2    "
700;"7060 ";"3040 ";B;"2.3.2    "
1277;7030;3139;B;"2.3.2    "
1280;7038;3139;B;"2.3.2    "
1281;7040;3139;B;"2.3.2    "
1282;7042;3139;B;"2.3.2    "
1283;7044;3139;B;"2.3.2    "
1284;7046;3139;B;"2.3.2    "
1285;7062;3139;B;"2.3.2    "
1286;7064;3139;B;"2.3.2    "
1287;7066;3139;B;"2.3.2    "
1288;7029;3140;B;"2.3.2    "
1289;7031;3140;B;"2.3.2    "
1290;7033;3140;B;"2.3.2    "
1291;7037;3140;B;"2.3.2    "
1292;7039;3140;B;"2.3.2    "
1293;7061;3140;B;"2.3.2    "
1294;7065;3140;B;"2.3.2    "
1295;7063;3140;B;"2.3.2    "
736;"7056 ";"5002 ";B;"2.3.2    "
737;"7056 ";"3037 ";B;"2.3.2    "
738;"7056 ";"3005 ";B;"2.3.2    "
739;"7056 ";"3061 ";B;"2.3.2    "
740;"7056 ";"3109 ";B;"2.3.2    "
741;"7056 ";"3034 ";B;"2.3.2    "
742;"7056 ";"3004 ";B;"2.3.2    "
743;"7056 ";"3001 ";B;"2.3.2    "
744;"7056 ";"3040 ";B;"2.3.2    "
745;"7056 ";"3080 ";B;"2.3.2    "
746;"7056 ";"3075 ";B;"2.3.2    "
747;"7056 ";"3072 ";B;"2.3.2    "
748;"7056 ";"3070 ";B;"2.3.2    "
749;"7056 ";"3069 ";B;"2.3.2    "
750;"7056 ";"3211 ";B;"2.3.2    "
751;"7056 ";"3063 ";B;"2.3.2    "
752;"7056 ";"3062 ";B;"2.3.2    "
753;"7056 ";"3060 ";B;"2.3.2    "
754;"7056 ";"3054 ";B;"2.3.2    "
755;"7056 ";"3048 ";B;"2.3.2    "
756;"7056 ";"3047 ";B;"2.3.2    "
757;"7056 ";"3043 ";B;"2.3.2    "
758;"7056 ";"3041 ";B;"2.3.2    "
759;"7056 ";"3015 ";B;"2.3.2    "
760;"7056 ";"3201 ";B;"2.3.2    "
761;"7056 ";"3204 ";B;"2.3.2    "
762;"7056 ";"3210 ";B;"2.3.2    "
763;"7056 ";"3203 ";B;"2.3.2    "
764;"7056 ";"3213 ";B;"2.3.2    "
765;"7056 ";"3207 ";B;"2.3.2    "
766;"7056 ";"3206 ";B;"2.3.2    "
767;"7056 ";"3205 ";B;"2.3.2    "
768;"7056 ";"3202 ";B;"2.3.2    "
769;"7056 ";"3200 ";B;"2.3.2    "
770;"7054 ";"3200 ";B;"2.3.2    "
771;"7054 ";"3201 ";B;"2.3.2    "
772;"7054 ";"3202 ";B;"2.3.2    "
773;"7054 ";"3205 ";B;"2.3.2    "
774;"7054 ";"3206 ";B;"2.3.2    "
775;"7054 ";"3207 ";B;"2.3.2    "
776;"7054 ";"3213 ";B;"2.3.2    "
777;"7054 ";"3203 ";B;"2.3.2    "
778;"7054 ";"3210 ";B;"2.3.2    "
779;"7054 ";"3204 ";B;"2.3.2    "
780;"7054 ";"3015 ";B;"2.3.2    "
781;"7054 ";"3041 ";B;"2.3.2    "
782;"7054 ";"3043 ";B;"2.3.2    "
783;"7054 ";"3047 ";B;"2.3.2    "
784;"7054 ";"3048 ";B;"2.3.2    "
785;"7054 ";"3060 ";B;"2.3.2    "
786;"7054 ";"3054 ";B;"2.3.2    "
787;"7054 ";"3062 ";B;"2.3.2    "
788;"7054 ";"3063 ";B;"2.3.2    "
789;"7054 ";"3211 ";B;"2.3.2    "
790;"7054 ";"3069 ";B;"2.3.2    "
791;"7054 ";"3070 ";B;"2.3.2    "
792;"7054 ";"3072 ";B;"2.3.2    "
793;"7054 ";"3075 ";B;"2.3.2    "
794;"7054 ";"3080 ";B;"2.3.2    "
795;"7054 ";"3040 ";B;"2.3.2    "
796;"7054 ";"3001 ";B;"2.3.2    "
797;"7054 ";"3004 ";B;"2.3.2    "
798;"7054 ";"3034 ";B;"2.3.2    "
799;"7054 ";"3109 ";B;"2.3.2    "
800;"7054 ";"3061 ";B;"2.3.2    "
801;"7054 ";"3005 ";B;"2.3.2    "
802;"7054 ";"3037 ";B;"2.3.2    "
803;"7054 ";"5002 ";B;"2.3.2    "
804;"7052 ";"3200 ";B;"2.3.2    "
805;"7052 ";"3201 ";B;"2.3.2    "
806;"7052 ";"3202 ";B;"2.3.2    "
807;"7052 ";"3205 ";B;"2.3.2    "
808;"7052 ";"3206 ";B;"2.3.2    "
809;"7052 ";"3207 ";B;"2.3.2    "
810;"7052 ";"3213 ";B;"2.3.2    "
811;"7052 ";"3210 ";B;"2.3.2    "
812;"7052 ";"3204 ";B;"2.3.2    "
813;"7052 ";"3015 ";B;"2.3.2    "
814;"7052 ";"3041 ";B;"2.3.2    "
815;"7052 ";"3043 ";B;"2.3.2    "
816;"7052 ";"3047 ";B;"2.3.2    "
817;"7052 ";"3048 ";B;"2.3.2    "
818;"7052 ";"3054 ";B;"2.3.2    "
819;"7052 ";"3060 ";B;"2.3.2    "
820;"7052 ";"3062 ";B;"2.3.2    "
821;"7052 ";"3063 ";B;"2.3.2    "
822;"7052 ";"3211 ";B;"2.3.2    "
823;"7052 ";"3069 ";B;"2.3.2    "
824;"7052 ";"3070 ";B;"2.3.2    "
825;"7052 ";"3072 ";B;"2.3.2    "
826;"7052 ";"3075 ";B;"2.3.2    "
827;"7052 ";"3080 ";B;"2.3.2    "
828;"7052 ";"3040 ";B;"2.3.2    "
829;"7052 ";"3068 ";B;"2.3.2    "
830;"7052 ";"3001 ";B;"2.3.2    "
831;"7052 ";"3004 ";B;"2.3.2    "
832;"7052 ";"3034 ";B;"2.3.2    "
833;"7052 ";"3109 ";B;"2.3.2    "
834;"7052 ";"3061 ";B;"2.3.2    "
835;"7052 ";"3006 ";B;"2.3.2    "
836;"7052 ";"3005 ";B;"2.3.2    "
837;"7052 ";"3216 ";B;"2.3.2    "
838;"7052 ";"5002 ";B;"2.3.2    "
839;"7050 ";"3054 ";B;"2.3.2    "
840;"7050 ";"3060 ";B;"2.3.2    "
841;"7050 ";"3062 ";B;"2.3.2    "
842;"7050 ";"3063 ";B;"2.3.2    "
843;"7050 ";"3211 ";B;"2.3.2    "
844;"7050 ";"3069 ";B;"2.3.2    "
845;"7050 ";"3070 ";B;"2.3.2    "
846;"7050 ";"3072 ";B;"2.3.2    "
847;"7050 ";"3075 ";B;"2.3.2    "
848;"7050 ";"3080 ";B;"2.3.2    "
849;"7050 ";"3040 ";B;"2.3.2    "
850;"7050 ";"3001 ";B;"2.3.2    "
851;"7050 ";"3004 ";B;"2.3.2    "
852;"7050 ";"3034 ";B;"2.3.2    "
853;"7050 ";"3109 ";B;"2.3.2    "
854;"7050 ";"3214 ";B;"2.3.2    "
855;"7050 ";"3216 ";B;"2.3.2    "
856;"7050 ";"5002 ";B;"2.3.2    "
857;"7050 ";"3201 ";B;"2.3.2    "
858;"7050 ";"3202 ";B;"2.3.2    "
859;"7050 ";"3205 ";B;"2.3.2    "
860;"7050 ";"3206 ";B;"2.3.2    "
861;"7050 ";"3207 ";B;"2.3.2    "
862;"7050 ";"3213 ";B;"2.3.2    "
863;"7050 ";"3203 ";B;"2.3.2    "
864;"7050 ";"3210 ";B;"2.3.2    "
865;"7050 ";"3204 ";B;"2.3.2    "
866;"7050 ";"3015 ";B;"2.3.2    "
867;"7050 ";"3041 ";B;"2.3.2    "
868;"7050 ";"3043 ";B;"2.3.2    "
869;"7050 ";"3047 ";B;"2.3.2    "
870;"7050 ";"3048 ";B;"2.3.2    "
871;"7050 ";"3050 ";B;"2.3.2    "
872;"7048 ";"3054 ";B;"2.3.2    "
873;"7048 ";"3060 ";B;"2.3.2    "
874;"7048 ";"3062 ";B;"2.3.2    "
875;"7048 ";"3063 ";B;"2.3.2    "
876;"7048 ";"3211 ";B;"2.3.2    "
877;"7048 ";"3069 ";B;"2.3.2    "
878;"7048 ";"3070 ";B;"2.3.2    "
879;"7048 ";"3072 ";B;"2.3.2    "
880;"7048 ";"3075 ";B;"2.3.2    "
881;"7048 ";"3080 ";B;"2.3.2    "
882;"7048 ";"3040 ";B;"2.3.2    "
883;"7048 ";"3001 ";B;"2.3.2    "
884;"7048 ";"3004 ";B;"2.3.2    "
885;"7048 ";"3034 ";B;"2.3.2    "
886;"7048 ";"3109 ";B;"2.3.2    "
887;"7048 ";"3214 ";B;"2.3.2    "
888;"7048 ";"3216 ";B;"2.3.2    "
889;"7048 ";"5002 ";B;"2.3.2    "
890;"7048 ";"3201 ";B;"2.3.2    "
891;"7048 ";"3202 ";B;"2.3.2    "
892;"7048 ";"3205 ";B;"2.3.2    "
893;"7048 ";"3206 ";B;"2.3.2    "
894;"7048 ";"3207 ";B;"2.3.2    "
895;"7048 ";"3213 ";B;"2.3.2    "
896;"7048 ";"3203 ";B;"2.3.2    "
897;"7048 ";"3210 ";B;"2.3.2    "
898;"7048 ";"3204 ";B;"2.3.2    "
899;"7048 ";"3015 ";B;"2.3.2    "
900;"7048 ";"3036 ";B;"2.3.2    "
901;"7048 ";"3041 ";B;"2.3.2    "
902;"7048 ";"3043 ";B;"2.3.2    "
903;"7048 ";"3047 ";B;"2.3.2    "
904;"7048 ";"3048 ";B;"2.3.2    "
905;"7048 ";"3050 ";B;"2.3.2    "
906;"7036 ";"3060 ";B;"2.3.2    "
907;"7036 ";"3062 ";B;"2.3.2    "
908;"7036 ";"3063 ";B;"2.3.2    "
909;"7036 ";"3069 ";B;"2.3.2    "
910;"7036 ";"3070 ";B;"2.3.2    "
911;"7036 ";"3072 ";B;"2.3.2    "
912;"7036 ";"3075 ";B;"2.3.2    "
913;"7036 ";"3080 ";B;"2.3.2    "
914;"7036 ";"3040 ";B;"2.3.2    "
915;"7036 ";"3001 ";B;"2.3.2    "
916;"7036 ";"3004 ";B;"2.3.2    "
917;"7036 ";"3034 ";B;"2.3.2    "
918;"7036 ";"3109 ";B;"2.3.2    "
919;"7036 ";"3214 ";B;"2.3.2    "
920;"7036 ";"5002 ";B;"2.3.2    "
921;"7036 ";"3201 ";B;"2.3.2    "
922;"7036 ";"3202 ";B;"2.3.2    "
923;"7036 ";"3205 ";B;"2.3.2    "
924;"7036 ";"3206 ";B;"2.3.2    "
925;"7036 ";"3207 ";B;"2.3.2    "
926;"7036 ";"3213 ";B;"2.3.2    "
927;"7036 ";"3203 ";B;"2.3.2    "
928;"7036 ";"3210 ";B;"2.3.2    "
929;"7036 ";"3204 ";B;"2.3.2    "
930;"7036 ";"3015 ";B;"2.3.2    "
931;"7036 ";"3036 ";B;"2.3.2    "
932;"7036 ";"3041 ";B;"2.3.2    "
933;"7036 ";"3043 ";B;"2.3.2    "
934;"7036 ";"3047 ";B;"2.3.2    "
935;"7036 ";"3048 ";B;"2.3.2    "
936;"7036 ";"3050 ";B;"2.3.2    "
937;"7036 ";"3067 ";B;"2.3.2    "
938;"7034 ";"3001 ";B;"2.3.2    "
939;"7034 ";"3004 ";B;"2.3.2    "
940;"7034 ";"3014 ";B;"2.3.2    "
941;"7034 ";"3015 ";B;"2.3.2    "
942;"7034 ";"3022 ";B;"2.3.2    "
943;"7034 ";"3023 ";B;"2.3.2    "
944;"7034 ";"3034 ";B;"2.3.2    "
945;"7034 ";"3036 ";B;"2.3.2    "
946;"7034 ";"3040 ";B;"2.3.2    "
947;"7034 ";"3041 ";B;"2.3.2    "
948;"7034 ";"3043 ";B;"2.3.2    "
949;"7034 ";"3047 ";B;"2.3.2    "
950;"7034 ";"3048 ";B;"2.3.2    "
951;"7034 ";"3050 ";B;"2.3.2    "
952;"7034 ";"3054 ";B;"2.3.2    "
953;"7034 ";"3060 ";B;"2.3.2    "
954;"7034 ";"3062 ";B;"2.3.2    "
955;"7034 ";"3063 ";B;"2.3.2    "
956;"7034 ";"3068 ";B;"2.3.2    "
957;"7034 ";"3069 ";B;"2.3.2    "
958;"7034 ";"3070 ";B;"2.3.2    "
959;"7034 ";"3072 ";B;"2.3.2    "
960;"7034 ";"3075 ";B;"2.3.2    "
961;"7034 ";"3080 ";B;"2.3.2    "
962;"7034 ";"3109 ";B;"2.3.2    "
963;"7034 ";"3133 ";B;"2.3.2    "
964;"7034 ";"3134 ";B;"2.3.2    "
965;"7034 ";"3135 ";B;"2.3.2    "
966;"7034 ";"3136 ";B;"2.3.2    "
967;"7034 ";"3137 ";B;"2.3.2    "
968;"7034 ";"3138 ";B;"2.3.2    "
969;"7034 ";"3146 ";B;"2.3.2    "
970;"7034 ";"3152 ";B;"2.3.2    "
971;"7062 ";"3214 ";B;"2.3.2    "
972;"7034 ";"5002 ";B;"2.3.2    "
973;"7038 ";"3001 ";B;"2.3.2    "
974;"7038 ";"3004 ";B;"2.3.2    "
975;"7038 ";"3014 ";B;"2.3.2    "
976;"7038 ";"3015 ";B;"2.3.2    "
977;"7038 ";"3022 ";B;"2.3.2    "
978;"7038 ";"3023 ";B;"2.3.2    "
979;"7038 ";"3034 ";B;"2.3.2    "
980;"7038 ";"3036 ";B;"2.3.2    "
981;"7038 ";"3040 ";B;"2.3.2    "
982;"7038 ";"3041 ";B;"2.3.2    "
983;"7038 ";"3043 ";B;"2.3.2    "
984;"7038 ";"3047 ";B;"2.3.2    "
985;"7038 ";"3048 ";B;"2.3.2    "
986;"7038 ";"3050 ";B;"2.3.2    "
987;"7038 ";"3054 ";B;"2.3.2    "
988;"7038 ";"3060 ";B;"2.3.2    "
989;"7038 ";"3062 ";B;"2.3.2    "
990;"7038 ";"3063 ";B;"2.3.2    "
991;"7038 ";"3072 ";B;"2.3.2    "
992;"7038 ";"3075 ";B;"2.3.2    "
993;"7038 ";"3080 ";B;"2.3.2    "
994;"7038 ";"3109 ";B;"2.3.2    "
995;"7038 ";"3133 ";B;"2.3.2    "
996;"7038 ";"3134 ";B;"2.3.2    "
997;"7038 ";"3135 ";B;"2.3.2    "
998;"7038 ";"3136 ";B;"2.3.2    "
999;"7038 ";"3137 ";B;"2.3.2    "
1000;"7038 ";"3138 ";B;"2.3.2    "
1001;"7038 ";"3146 ";B;"2.3.2    "
1002;"7038 ";"3152 ";B;"2.3.2    "
1003;"7038 ";"3214 ";B;"2.3.2    "
1004;"7038 ";"5002 ";B;"2.3.2    "
1005;"7040 ";"3001 ";B;"2.3.2    "
1006;"7040 ";"3004 ";B;"2.3.2    "
1007;"7040 ";"3014 ";B;"2.3.2    "
1008;"7040 ";"3015 ";B;"2.3.2    "
1009;"7040 ";"3022 ";B;"2.3.2    "
1010;"7040 ";"3023 ";B;"2.3.2    "
1011;"7040 ";"3034 ";B;"2.3.2    "
1012;"7040 ";"3036 ";B;"2.3.2    "
1013;"7040 ";"3040 ";B;"2.3.2    "
1014;"7040 ";"3041 ";B;"2.3.2    "
1015;"7040 ";"3043 ";B;"2.3.2    "
1016;"7040 ";"3047 ";B;"2.3.2    "
1017;"7040 ";"3048 ";B;"2.3.2    "
1018;"7040 ";"3050 ";B;"2.3.2    "
1019;"7040 ";"3054 ";B;"2.3.2    "
1020;"7040 ";"3060 ";B;"2.3.2    "
1021;"7040 ";"3062 ";B;"2.3.2    "
1022;"7040 ";"3063 ";B;"2.3.2    "
1023;"7040 ";"3072 ";B;"2.3.2    "
1024;"7040 ";"3075 ";B;"2.3.2    "
1025;"7040 ";"3080 ";B;"2.3.2    "
1026;"7040 ";"3109 ";B;"2.3.2    "
1027;"7040 ";"3133 ";B;"2.3.2    "
1028;"7040 ";"3134 ";B;"2.3.2    "
1029;"7040 ";"3135 ";B;"2.3.2    "
1030;"7040 ";"3136 ";B;"2.3.2    "
1031;"7040 ";"3137 ";B;"2.3.2    "
1032;"7040 ";"3138 ";B;"2.3.2    "
1033;"7040 ";"3146 ";B;"2.3.2    "
1034;"7040 ";"3152 ";B;"2.3.2    "
1035;"7040 ";"3214 ";B;"2.3.2    "
1036;"7040 ";"5002 ";B;"2.3.2    "
1037;"7042 ";"3001 ";B;"2.3.2    "
1038;"7042 ";"3004 ";B;"2.3.2    "
1039;"7042 ";"3014 ";B;"2.3.2    "
1040;"7042 ";"3015 ";B;"2.3.2    "
1041;"7042 ";"3022 ";B;"2.3.2    "
1042;"7042 ";"3023 ";B;"2.3.2    "
1043;"7042 ";"3034 ";B;"2.3.2    "
1044;"7042 ";"3036 ";B;"2.3.2    "
1045;"7042 ";"3040 ";B;"2.3.2    "
1046;"7042 ";"3041 ";B;"2.3.2    "
1047;"7042 ";"3043 ";B;"2.3.2    "
1048;"7042 ";"3047 ";B;"2.3.2    "
1049;"7042 ";"3048 ";B;"2.3.2    "
1050;"7042 ";"3050 ";B;"2.3.2    "
1051;"7042 ";"3054 ";B;"2.3.2    "
1052;"7042 ";"3060 ";B;"2.3.2    "
1053;"7042 ";"3062 ";B;"2.3.2    "
1054;"7042 ";"3063 ";B;"2.3.2    "
1055;"7042 ";"3069 ";B;"2.3.2    "
1056;"7042 ";"3070 ";B;"2.3.2    "
1057;"7042 ";"3072 ";B;"2.3.2    "
1058;"7042 ";"3075 ";B;"2.3.2    "
1059;"7042 ";"3080 ";B;"2.3.2    "
1060;"7042 ";"3109 ";B;"2.3.2    "
1061;"7042 ";"3133 ";B;"2.3.2    "
1062;"7042 ";"3134 ";B;"2.3.2    "
1063;"7042 ";"3135 ";B;"2.3.2    "
1064;"7042 ";"3136 ";B;"2.3.2    "
1065;"7042 ";"3137 ";B;"2.3.2    "
1066;"7042 ";"3138 ";B;"2.3.2    "
1067;"7042 ";"3146 ";B;"2.3.2    "
1068;"7042 ";"3152 ";B;"2.3.2    "
1069;"7042 ";"3214 ";B;"2.3.2    "
1070;"7042 ";"5002 ";B;"2.3.2    "
1071;"7044 ";"3001 ";B;"2.3.2    "
1072;"7044 ";"3004 ";B;"2.3.2    "
1073;"7044 ";"3015 ";B;"2.3.2    "
1074;"7044 ";"3022 ";B;"2.3.2    "
1075;"7044 ";"3023 ";B;"2.3.2    "
1076;"7044 ";"3034 ";B;"2.3.2    "
1077;"7044 ";"3036 ";B;"2.3.2    "
1078;"7044 ";"3040 ";B;"2.3.2    "
1079;"7044 ";"3041 ";B;"2.3.2    "
1080;"7044 ";"3043 ";B;"2.3.2    "
1081;"7044 ";"3047 ";B;"2.3.2    "
1082;"7044 ";"3048 ";B;"2.3.2    "
1083;"7044 ";"3050 ";B;"2.3.2    "
1084;"7044 ";"3054 ";B;"2.3.2    "
1085;"7044 ";"3060 ";B;"2.3.2    "
1086;"7044 ";"3062 ";B;"2.3.2    "
1087;"7044 ";"3063 ";B;"2.3.2    "
1088;"7044 ";"3068 ";B;"2.3.2    "
1089;"7044 ";"3069 ";B;"2.3.2    "
1090;"7044 ";"3070 ";B;"2.3.2    "
1091;"7044 ";"3072 ";B;"2.3.2    "
1092;"7044 ";"3075 ";B;"2.3.2    "
1093;"7044 ";"3080 ";B;"2.3.2    "
1094;"7044 ";"3109 ";B;"2.3.2    "
1095;"7044 ";"3133 ";B;"2.3.2    "
1096;"7044 ";"3134 ";B;"2.3.2    "
1097;"7044 ";"3135 ";B;"2.3.2    "
1098;"7044 ";"3136 ";B;"2.3.2    "
1099;"7044 ";"3137 ";B;"2.3.2    "
1100;"7044 ";"3138 ";B;"2.3.2    "
1101;"7044 ";"3146 ";B;"2.3.2    "
1102;"7044 ";"3152 ";B;"2.3.2    "
1103;"7044 ";"3214 ";B;"2.3.2    "
1104;"7044 ";"5002 ";B;"2.3.2    "
1105;"7046 ";"3001 ";B;"2.3.2    "
1106;"7046 ";"3004 ";B;"2.3.2    "
1107;"7046 ";"3014 ";B;"2.3.2    "
1108;"7046 ";"3015 ";B;"2.3.2    "
1109;"7046 ";"3022 ";B;"2.3.2    "
1110;"7046 ";"3023 ";B;"2.3.2    "
1111;"7046 ";"3034 ";B;"2.3.2    "
1112;"7046 ";"3036 ";B;"2.3.2    "
1113;"7046 ";"3040 ";B;"2.3.2    "
1114;"7046 ";"3041 ";B;"2.3.2    "
1115;"7046 ";"3043 ";B;"2.3.2    "
1116;"7046 ";"3047 ";B;"2.3.2    "
1117;"7046 ";"3048 ";B;"2.3.2    "
1118;"7046 ";"3050 ";B;"2.3.2    "
1119;"7046 ";"3054 ";B;"2.3.2    "
1120;"7046 ";"3060 ";B;"2.3.2    "
1121;"7046 ";"3062 ";B;"2.3.2    "
1122;"7046 ";"3063 ";B;"2.3.2    "
1123;"7046 ";"3069 ";B;"2.3.2    "
1124;"7046 ";"3070 ";B;"2.3.2    "
1125;"7046 ";"3072 ";B;"2.3.2    "
1126;"7046 ";"3075 ";B;"2.3.2    "
1127;"7046 ";"3080 ";B;"2.3.2    "
1128;"7046 ";"3109 ";B;"2.3.2    "
1129;"7046 ";"3133 ";B;"2.3.2    "
1130;"7046 ";"3134 ";B;"2.3.2    "
1131;"7046 ";"3135 ";B;"2.3.2    "
1132;"7046 ";"3136 ";B;"2.3.2    "
1133;"7046 ";"3137 ";B;"2.3.2    "
1134;"7046 ";"3138 ";B;"2.3.2    "
1135;"7046 ";"3146 ";B;"2.3.2    "
1136;"7046 ";"3152 ";B;"2.3.2    "
1137;"7046 ";"3214 ";B;"2.3.2    "
1138;"7046 ";"5002 ";B;"2.3.2    "
1139;"7035 ";"3111 ";B;"2.3.2    "
1140;"7035 ";"3029 ";B;"2.3.2    "
1141;"7035 ";"3112 ";B;"2.3.2    "
1142;"7035 ";"3098 ";B;"2.3.2    "
1143;"7035 ";"3605 ";B;"2.3.2    "
1144;"7035 ";"3068 ";B;"2.3.2    "
1145;"7035 ";"3036 ";B;"2.3.2    "
1146;"7035 ";"3114 ";B;"2.3.2    "
1147;"7035 ";"3218 ";B;"2.3.2    "
1148;"7035 ";"3099 ";B;"2.3.2    "
1149;"7035 ";"5002 ";B;"2.3.2    "
1150;"7037 ";"3018 ";B;"2.3.2    "
1151;"7037 ";"3019 ";B;"2.3.2    "
1152;"7037 ";"3127 ";B;"2.3.2    "
1153;"7037 ";"3130 ";B;"2.3.2    "
1154;"7037 ";"3155 ";B;"2.3.2    "
1155;"7037 ";"3132 ";B;"2.3.2    "
1156;"7037 ";"3129 ";B;"2.3.2    "
1157;"7037 ";"3131 ";B;"2.3.2    "
1158;"7037 ";"3128 ";B;"2.3.2    "
1159;"7037 ";"3144 ";B;"2.3.2    "
1160;"7037 ";"3150 ";B;"2.3.2    "
1161;"7037 ";"3054 ";B;"2.3.2    "
1162;"7037 ";"3050 ";B;"2.3.2    "
1163;"7037 ";"3000 ";B;"2.3.2    "
1164;"7037 ";"5002 ";B;"2.3.2    "
1165;"7039 ";"3018 ";B;"2.3.2    "
1166;"7039 ";"3019 ";B;"2.3.2    "
1167;"7039 ";"3127 ";B;"2.3.2    "
1168;"7039 ";"3130 ";B;"2.3.2    "
1169;"7039 ";"3155 ";B;"2.3.2    "
1170;"7039 ";"3132 ";B;"2.3.2    "
1171;"7039 ";"3129 ";B;"2.3.2    "
1172;"7039 ";"3131 ";B;"2.3.2    "
1173;"7039 ";"3128 ";B;"2.3.2    "
1174;"7039 ";"3150 ";B;"2.3.2    "
1175;"7039 ";"3144 ";B;"2.3.2    "
1176;"7039 ";"3054 ";B;"2.3.2    "
1177;"7039 ";"3050 ";B;"2.3.2    "
1178;"7039 ";"3052 ";B;"2.3.2    "
1179;"7039 ";"3031 ";B;"2.3.2    "
1180;"7039 ";"5002 ";B;"2.3.2    "
1182;7000;1109;B;2.3.2
1188;"1003 ";120;A;1.3.2
1196;7033;3057;B;2.3.2
1191;1013;229;B;1.1.4.1
1194;"1005 ";745;A;1.4.2
1231;7058;3200;B;"2.3.2    "
1232;7058;3208;B;"2.3.2    "
1233;7058;3215;B;"2.3.2    "
1234;7058;3064;B;"2.3.2    "
1235;7058;3071;B;"2.3.2    "
1236;7058;3217;B;"2.3.2    "
1237;7058;3059;B;"2.3.2    "
1238;7058;3219;B;"2.3.2    "
1239;7058;3046;B;"2.3.2    "
1240;7058;3052;B;"2.3.2    "
1241;7058;3054;B;"2.3.2    "
1242;7058;3060;B;"2.3.2    "
1243;7058;3062;B;"2.3.2    "
1244;7058;3063;B;"2.3.2    "
1245;7058;3211;B;"2.3.2    "
1246;7058;3069;B;"2.3.2    "
1247;7058;3070;B;"2.3.2    "
1248;7058;3072;B;"2.3.2    "
1249;7058;3075;B;"2.3.2    "
1250;7058;3080;B;"2.3.2    "
1251;7058;3040;B;"2.3.2    "
1344;7065;3039;B;2.3.2
1348;1018;304;B;2.1.2
1254;7058;3034;B;"2.3.2    "
1255;7058;3109;B;"2.3.2    "
1256;7058;3214;B;"2.3.2    "
1257;7058;3216;B;"2.3.2    "
1259;7058;3201;B;"2.3.2    "
1260;7058;3202;B;"2.3.2    "
1261;7058;3205;B;"2.3.2    "
1262;7058;3206;B;"2.3.2    "
1263;7058;3207;B;"2.3.2    "
1264;7058;3213;B;"2.3.2    "
1265;7058;3203;B;"2.3.2    "
1266;7058;3210;B;"2.3.2    "
1267;7058;3204;B;"2.3.2    "
1268;7058;3015;B;"2.3.2    "
1269;7058;3036;B;"2.3.2    "
1270;7058;3041;B;"2.3.2    "
1271;7058;3043;B;"2.3.2    "
1272;7058;3047;B;"2.3.2    "
1273;7058;3048;B;"2.3.2    "
1274;7058;3050;B;"2.3.2    "
1197;7037;3057;B;2.3.2
1278;7032;3139;B;"2.3.2    "
1296;7048;3220;B;2.3.2
1297;7058;3220;B;2.3.2
